Table,1: World Oil Supply And Demand (million barrels per day)
,2015,2016,1Q17,2Q17,3Q17,4Q17,2017,1Q18,2Q18,3Q18,4Q18,2018,1Q19,2Q19,3Q19,4Q19,2019
OECD DEMAND,,,,,,,,,,,,,,,,,
Americas,24.6,24.9,24.6,25.1,25.2,25.3,25.1,25.3,25.4,25.4,25.5,25.4,25.2,25.6,25.7,25.8,25.6
Europe,13.8,14,13.8,14.3,14.7,14.4,14.3,14.1,14.2,14.5,14.3,14.3,13.9,14.4,14.7,14.3,14.3
Asia Oceania,8.1,8.1,8.5,7.7,7.8,8.3,8.1,8.5,7.6,7.8,8.3,8,8.4,7.6,7.7,8.2,8
Total OECD,46.5,47,46.9,47,47.7,48.1,47.4,47.8,47.1,47.7,48,47.7,47.6,47.6,48.1,48.4,47.9
NON-OECD DEMAND,,,,,,,,,,,,,,,,,
FSU,4.6,4.5,4.3,4.5,4.8,4.7,4.6,4.5,4.7,4.9,4.7,4.7,4.5,4.8,5,4.8,4.8
Europe(non),0.7,0.7,0.7,0.8,0.8,0.8,0.7,0.7,0.8,0.8,0.8,0.8,0.7,0.8,0.8,0.8,0.8
China,11.6,12,12.4,12.8,12.4,12.7,12.6,12.8,13.2,13.3,13.5,13.2,13.3,13.6,13.7,14,13.6
Other Asia,12.5,13,13.2,13.4,13.2,13.6,13.4,13.7,13.9,13.5,14,13.8,14.1,14.3,13.9,14.5,14.2
Americas(non),6.7,6.4,6.3,6.5,6.6,6.5,6.5,6.3,6.4,6.5,6.5,6.4,6.3,6.5,6.6,6.5,6.5
Middle East,8.5,8.5,8.2,8.7,8.9,8.2,8.5,8.1,8.4,8.9,8.4,8.5,8.2,8.6,9.1,8.5,8.6
Africa,4.2,4.3,4.4,4.3,4.2,4.3,4.3,4.3,4.3,4.2,4.3,4.3,4.4,4.4,4.3,4.4,4.4
Total Non-OECD,48.7,49.4,49.5,51,50.8,50.6,50.5,50.5,51.6,52.1,52.3,51.6,51.7,52.9,53.3,53.5,52.8
Total Demand1,95.3,96.4,96.4,98,98.4,98.7,97.9,98.4,98.7,99.8,100.3,99.3,99.3,100.5,101.4,101.9,100.8
OECD SUPPLY,,,,,,,,,,,,,,,,,
Americas4,20,19.5,20,19.8,20.3,21.2,20.3,21.7,22.1,22.3,22.6,22.2,23.2,23.4,23.6,24,23.6
Europe,3.5,3.5,3.7,3.5,3.4,3.4,3.5,3.5,3.3,3.4,3.5,3.4,3.5,3.3,3.3,3.4,3.4
Asia Oceania,0.5,0.4,0.4,0.4,0.4,0.4,0.4,0.4,0.4,0.4,0.4,0.4,0.4,0.5,0.5,0.5,0.5
Total OECD,23.9,23.4,24,23.7,24,25,24.2,25.7,25.9,26,26.5,26,27.1,27.2,27.5,27.9,27.4
NON-OECD SUPPLY,,,,,,,,,,,,,,,,,
FSU,14,14.2,14.4,14.3,14.2,14.4,14.3,14.4,14.5,14.6,14.7,14.5,14.8,14.8,14.7,14.8,14.8
Europe,0.1,0.1,0.1,0.1,0.1,0.1,0.1,0.1,0.1,0.1,0.1,0.1,0.1,0.1,0.1,0.1,0.1
China,4.3,4,3.9,3.9,3.8,3.8,3.9,3.8,3.9,3.8,3.8,3.8,3.7,3.7,3.7,3.7,3.7
Other Asia2,3.6,3.6,3.5,3.4,3.4,3.4,3.5,3.4,3.3,3.3,3.3,3.3,3.3,3.2,3.2,3.2,3.2
"Americas2,4",4.6,4.5,4.6,4.5,4.5,4.5,4.5,4.5,4.5,4.5,4.7,4.6,4.7,4.8,4.9,5,4.9
Middle East,1.3,1.3,1.3,1.3,1.3,1.2,1.2,1.2,1.3,1.3,1.3,1.3,1.3,1.3,1.2,1.2,1.2
Africa2,1.5,1.4,1.4,1.4,1.4,1.4,1.4,1.4,1.5,1.5,1.4,1.5,1.5,1.4,1.4,1.4,1.4
Total Non-OECD,29.4,29.1,29.2,29,28.9,28.9,29,29,29.1,29.1,29.2,29.1,29.3,29.4,29.3,29.5,29.4
Processing gains3,2.2,2.3,2.3,2.3,2.3,2.3,2.3,2.3,2.3,2.3,2.3,2.3,2.3,2.3,2.3,2.3,2.3
Global Biofuels,2.3,2.4,2,2.5,2.9,2.5,2.5,2.1,2.7,3,2.5,2.6,2.2,2.8,3,2.7,2.7
Total Non-OPEC Supply,57.8,57.1,57.5,57.5,58.1,58.8,58,59.1,59.9,60.4,60.5,60,61,61.7,62.2,62.4,61.8
OPEC,,,,,,,,,,,,,,,,,
Crude,32.1,33,32.3,32.6,33,32.6,32.6,32.3,32.1,,,,,,,,
NGLs,6.6,6.8,6.9,6.9,6.9,6.9,6.9,6.9,6.9,7,7,7,7.1,7.1,7.1,7.1,7.1
Total OPEC,38.6,39.8,39.2,39.5,39.9,39.5,39.5,39.3,39,,,,,,,,
Total Supply4,96.5,96.9,96.7,97,98,98.3,97.5,98.3,99,,,,,,,,
STOCK CHANGES AND MISCELLANEOUS,,,,,,,,,,,,,,,,,
Reported OECD,,,,,,,,,,,,,,,,,
Industry,0.8,0,0.3,-0.1,-0.5,-1.3,-0.4,-0.5,0,,,,,,,,
Government,0,0,0,-0.1,-0.1,-0.1,-0.1,0.1,-0.1,,,,,,,,
Total,0.8,0,0.3,-0.2,-0.7,-1.4,-0.5,-0.4,-0.1,,,,,,,,
Floating storage/Oil in transit,0.3,0.2,0,-0.1,0.5,1,0.4,-1.0,0.3,,,,,,,,
Miscellaneous to balance5,0.1,0.4,-0.1,-0.6,-0.3,-0.1,-0.3,1.4,0.1,,,,,,,,
Total Stock Ch. & Misc,1.2,0.6,0.2,-1.0,-0.5,-0.5,-0.4,0,0.3,,,,,,,,
Memo items:,,,,,,,,,,,,,,,,,
Call on OPEC crude + Stock ch.6,30.8,32.4,32.1,33.5,33.4,33.1,33,32.4,31.8,32.4,32.8,32.3,31.3,31.7,32.2,32.4,31.9
1,"Measured as deliveries from refineries and primary stocks, comprises inland deliveries, international marine bunkers, refinery fuel, crude for direct burning,",,,,,,,,,,,,,,,,
,oil from non-conventional sources and other sources of supply. Includes Biofuels.,,,,,,,,,,,,,,,,
2,"Other Asia includes Indonesia throughout. Latin America excludes Ecuador throughout. Africa excludes Angola, Gabon and Equatorial Guinea throughout.",,,,,,,,,,,,,,,,
3,Net volumetric gains and losses in the refining process and marine transportation losses.,,,,,,,,,,,,,,,,
4,"Comprises crude oil, condensates, NGLs, oil from non-conventional sources and other sources of supply.",,,,,,,,,,,,,,,,
5,Includes changes in non-reported stocks in OECD and non-OECD areas.,,,,,,,,,,,,,,,,
6,Equals the arithmetic difference between total demand minus total non-OPEC supply minus OPEC NGLs.,,,,,,,,,,,,,,,,
13 SEPTEMBER 2018 ,,,,,,,,,,,,,,,,,1
TABLES ,,,,,,,,,INTERNATIONAL ENERGY AGENCY - OIL MARKET REPORT ,,,,,,,,
,,,,,Table 1a,,,,,,,,,,,,
,WORLD OIL SUPPLY AND DEMAND: CHANGES FROM LAST MONTH'S TABLE 1,,,,,,,,,,,,,,,,
Table,1a: World Oil Supply And Demand: Changes From Last Monthâ€™s Table 1 ,,,,,,,,,,,,,,,,
,,,,,(million barrels per day),,,,,,,,,,,,
,2015,2016,1Q17,2Q17,3Q17,4Q17,2017,1Q18,2Q18,3Q18,4Q18,2018,1Q19,2Q19,3Q19,4Q19,2019
OECD DEMAND,,,,,,,,,,,,,,,,,
Americas,-,-,-,0.1,0.1,0.2,0.1,-,0.1,-,-,-,0.1,-,0.1,0.1,0.1
Europe,-,-,-,-,-,-,-,-,-,-0.1,-0.1,-,-0.1,-,-0.1,-0.1,-0.1
Asia Oceania,-,-,-,-,-,-,-,-,-,-,-,-,-,-,-,-,-
Total OECD,-,-,-,0.1,0.1,0.2,0.1,-,0.1,-0.1,-0.1,-,-,-,-,-,-
NON-OECD DEMAND,,,,,,,,,,,,,,,,,
FSU,-,-,-,-,-,-,-,0.1,-,-,-,-,0.1,-,-,-,-
Europe,-,-,-,-,-,-,-,-,-,-,-,-,-,-,-,-,-
China,-,-,-,-,-,-,-,-,-,0.3,0.2,0.1,0.1,-0.1,0.4,0.2,0.2
Other Asia,-,-,-,-0.1,-,0.1,-,-,-0.1,-,-,-,-0.1,-0.1,-0.1,-,-0.1
Americas,-,-,-,-,-,-,-,-,-,-,-,-,-,-,-,-,-
Middle East,-,-,-,-,-,0.1,-,0.1,-0.1,-,-,-,-,-0.1,-,-,-
Africa,-,-,-0.1,-,-,-0.1,-,-0.1,-,-,-,-,-,-,-,-0.1,-
Total Non-OECD,-,-,-0.1,-0.1,-,0.1,-,-,-0.1,0.3,0.2,0.1,0.1,-0.2,0.3,0.2,0.1
Total Demand,-,-,-,-,-,0.2,0.1,0.1,-,0.2,0.1,0.1,-,-0.2,0.3,0.2,0.1
OECD SUPPLY,,,,,,,,,,,,,,,,,
Americas,-,-,-,-,0.1,-,-,-,-,0.1,-,-,-0.1,-0.1,0.1,0.1,-
Europe,-,-,-,-,-,-,-,-,-,-,-,-,-,-,0.1,-,-
Asia Oceania,-,-,-,-,-,-,-,-,-,-,-,-,-,-,-,-,-
Total OECD,-,-,-,-,0.1,-,-,-,0.1,0.2,-,0.1,-0.1,-,0.1,0.1,-
NON-OECD SUPPLY,,,,,,,,,,,,,,,,,
FSU,-,-,-,-,-,-,-,-,-,-,-,-,-,-,-,-,-
Europe,-,-,-,-,-,-,-,-,-,-,-,-,-,-,-,-,-
China,-,-,-,-,-,-,-,-,-,-,-,-,-,-,-,-,-
Other Asia,-,-,-,-,-,-,-,-,-,-,-,-,-,-,-,-0.1,-
Americas,-,-,-,-,-,-,-,-,-,-0.1,-,-,-,-,-,-,-
Middle East,-,-,-,-,-,-,-,-,-,-,-,-,-,-,-,-,-
Africa,-,-,-,-,-,-,-,-,-,-,-,-,-,-,-,-,-
Total Non-OECD,-,-,-,-,-,-,-,-,-,-0.1,-0.1,-,-,-0.1,-,-0.1,-
Processing gains,-,-,-,-,-,-,-,-,-,-,-,-,-,-,-,-,-
Global Biofuels,-,-,-,-,-,-,-,-,0.1,0.1,-,0.1,-,0.1,0.1,-,-
Total Non-OPEC Supply,-,-,-,-,0.1,-,-,-,0.2,0.2,-0.1,0.1,-0.1,-,0.2,0.1,0.1
OPEC,,,,,,,,,,,,,,,,,
Crude,-,-,-,-,-,-,-,-,-,,,,,,,,
NGLs,-,-,-,-,-,0.1,-,-,-,-,-,-,-,-,-,-,-
Total OPEC,-,-,-,0.1,-,0.1,0.1,-,-,,,,,,,,
Total Supply,-,-,-,0.1,0.1,0.1,0.1,-,0.2,,,,,,,,
STOCK CHANGES AND MISCELLANEOUS,,,,,,,,,,,,,,,,,
REPORTED OECD,,,,,,,,,,,,,,,,,
Industry,-,-,-,-,-,-,-,-,-0.1,,,,,,,,
Government,-,-,-,-,-,-,-,-,-,,,,,,,,
Total,-,-,-,-,-,-,-,-,-0.1,,,,,,,,
Floating storage/Oil in transit,-,-,-,-,-,-,-,-,-,,,,,,,,
Miscellaneous to balance,-,-,0.1,-,0.1,-0.1,-,-,0.3,,,,,,,,
Total Stock Ch. & Misc,-,-,0.1,0.1,0.1,-0.1,-,-,0.2,,,,,,,,
Memo items:,,,,,,,,,,,,,,,,,
Call on OPEC crude + Stock ch.,-,-,-0.1,-0.1,-0.1,0.1,-,0.1,-0.2,-0.1,0.2,-,0.1,-0.2,0.1,0.1,-
"When submitting their monthly oil statistics, OECD Member countries periodically update data for prior periods.",,,,,,Similar updates to non-OECD data can occur.,,,,,,,,,,,
2,,,,,,,,,,,,,,13 SEPTEMBER 2018 ,,,
INTERNATIONAL ENERGY AGENCY - OIL MARKET REPORT ,,,,,,,,,,,,,,,,TABLES ,,
,,,,,,,Table 2,,,,,,,,,,,
,,,,,SUMMARY OF GLOBAL OIL DEMAND,,,,,,,,,,,,,
Table,2: Summary of Global Oil Demand ,,,,,,,,,,,,,,,,,
,,2016,1Q17,2Q17,3Q17,4Q17,2017,1Q18,2Q18,3Q18,4Q18,2018,1Q19,2Q19,3Q19,4Q19,2019,
Demand (mb/d),,,,,,,,,,,,,,,,,,
Americas,,24.88,24.61,25.12,25.15,25.34,25.06,25.26,25.37,25.42,25.51,25.39,25.24,25.62,25.71,25.82,25.6,
Europe,,13.99,13.82,14.25,14.7,14.4,14.3,14.05,14.16,14.53,14.27,14.25,13.92,14.39,14.72,14.35,14.35,
Asia Oceania,,8.11,8.48,7.65,7.8,8.33,8.06,8.51,7.6,7.75,8.25,8.03,8.44,7.6,7.66,8.23,7.98,
Total OECD,,46.97,46.91,47.02,47.66,48.06,47.42,47.82,47.13,47.7,48.03,47.67,47.6,47.62,48.09,48.4,47.93,
Asia,,24.97,25.57,26.24,25.59,26.3,25.93,26.5,27.04,26.77,27.58,26.98,27.39,27.83,27.62,28.43,27.82,
Middle East,,8.49,8.24,8.67,8.87,8.22,8.5,8.1,8.43,8.95,8.39,8.47,8.22,8.65,9.07,8.45,8.6,
Americas,,6.44,6.34,6.46,6.57,6.45,6.46,6.34,6.37,6.51,6.48,6.42,6.33,6.45,6.56,6.54,6.47,
FSU,,4.51,4.3,4.53,4.77,4.65,4.57,4.51,4.69,4.87,4.69,4.69,4.54,4.76,4.95,4.83,4.77,
Africa,,4.25,4.36,4.3,4.19,4.26,4.28,4.34,4.3,4.2,4.34,4.3,4.45,4.4,4.29,4.43,4.39,
Europe,,0.72,0.72,0.75,0.76,0.76,0.75,0.73,0.75,0.78,0.78,0.76,0.75,0.77,0.79,0.79,0.77,
Total Non-OECD,,49.39,49.53,50.95,50.76,50.65,50.48,50.53,51.58,52.07,52.26,51.62,51.67,52.86,53.27,53.46,52.83,
World,,96.36,96.44,97.98,98.41,98.71,97.9,98.36,98.71,99.77,100.29,99.29,99.27,100.48,101.37,101.87,100.76,
,of which:,US50,19.69,19.54,20.07,20.01,20.21,19.96,20.24,20.33,20.38,20.4,20.34,20.21,20.6,20.62,20.7,20.53
,Europe 5*,8.15,8.16,8.28,8.44,8.24,8.28,8.18,8.17,8.28,8.2,8.21,8.12,8.29,8.4,8.23,8.26,
,China,11.99,12.39,12.8,12.36,12.7,12.56,12.83,13.18,13.26,13.54,13.2,13.29,13.57,13.72,13.97,13.64,
,Japan,4.01,4.3,3.58,3.63,4.06,3.89,4.27,3.43,3.57,3.91,3.79,4.14,3.38,3.43,3.85,3.7,
,India,4.44,4.46,4.67,4.42,4.72,4.57,4.82,4.88,4.65,5,4.84,5.02,5.1,4.83,5.2,5.04,
,Russia,3.33,3.15,3.33,3.54,3.39,3.35,3.32,3.44,3.6,3.41,3.44,3.33,3.5,3.66,3.48,3.49,
,Brazil,2.98,2.92,2.96,3.08,3.04,3,2.95,2.91,3.06,3.08,3,2.92,2.97,3.08,3.08,3.01,
,Saudi Arabia,3.3,2.93,3.41,3.62,3.13,3.27,2.93,3.19,3.58,3.24,3.24,3,3.39,3.66,3.24,3.32,
,Canada,2.47,2.37,2.36,2.52,2.52,2.45,2.32,2.35,2.48,2.48,2.41,2.35,2.33,2.49,2.48,2.41,
,Korea,2.61,2.62,2.49,2.57,2.65,2.58,2.63,2.55,2.57,2.7,2.61,2.68,2.59,2.61,2.73,2.65,
,Mexico,2.05,2.02,2.03,1.95,1.93,1.98,1.99,2.02,1.9,1.95,1.96,1.98,2.02,1.93,1.96,1.97,
,Iran,1.96,2.12,2.03,2,2,2.04,2.01,1.98,1.96,1.97,1.98,2.06,2.01,1.99,1.99,2.01,
,Total,66.98,66.98,68.02,68.16,68.61,67.95,68.49,68.44,69.29,69.87,69.02,69.09,69.75,70.42,70.91,70.05,
,% of World,69.5%,69.5%,69.4%,69.3%,69.5%,69.4%,69.6%,69.3%,69.5%,69.7%,69.5%,69.6%,69.4%,69.5%,69.6%,69.5%,
Annual Change (% per annum),,,,,,,,,,,,,,,,,,
Americas,,1.1,-0.5,2.1,-0.1,1.4,0.7,2.6,1,1.1,0.7,1.3,-0.1,1,1.1,1.2,0.8,
Europe,,1.2,2,2.7,2.2,1.8,2.2,1.7,-0.7,-1.2,-0.9,-0.3,-0.9,1.7,1.3,0.6,0.7,
Asia Oceania,,0,-1.4,-0.3,0,-0.2,-0.5,0.4,-0.7,-0.6,-0.9,-0.4,-0.8,0,-1.2,-0.2,-0.6,
Total OECD,,1,0.1,1.9,0.6,1.3,1,1.9,0.2,0.1,-0.1,0.5,-0.5,1,0.8,0.8,0.5,
Asia,,4,2.8,3.6,4.4,4.5,3.8,3.6,3.1,4.6,4.9,4,3.3,2.9,3.2,3.1,3.1,
Middle East,,-0.4,1.6,0.4,-0.4,-1.1,0.1,-1.6,-2.7,0.9,2.1,-0.4,1.5,2.6,1.3,0.7,1.5,
Americas,,-4.1,-0.2,0,0.5,0.7,0.3,0,-1.4,-0.9,0.4,-0.5,-0.2,1.3,0.8,0.9,0.7,
FSU,,-1.3,-0.9,4.2,1.6,0.1,1.2,4.9,3.4,2,0.7,2.7,0.6,1.5,1.8,3,1.7,
Africa,,1.1,1.8,-0.1,1.1,-0.4,0.6,-0.4,0.2,0.3,1.8,0.5,2.4,2.3,2,1.9,2.1,
Europe,,4.8,1.7,2.2,4.2,4.3,3.1,2.5,0.1,1.7,3.5,1.8,1.9,2,2.1,0.8,1.8,
Total Non-OECD,,1.4,1.8,2.3,2.5,2.2,2.2,2,1.2,2.6,3.2,2.3,2.3,2.5,2.3,2.3,2.3,
World,,1.2,1,2.1,1.6,1.7,1.6,2,0.8,1.4,1.6,1.4,0.9,1.8,1.6,1.6,1.5,
Annual Change (mb/d),,,,,,,,,,,,,,,,,,
Americas,,0.28,-0.11,0.51,-0.03,0.36,0.18,0.65,0.25,0.27,0.17,0.33,-0.02,0.26,0.29,0.32,0.21,
Europe,,0.16,0.27,0.37,0.31,0.26,0.31,0.23,-0.10,-0.18,-0.13,-0.05,-0.13,0.23,0.2,0.08,0.09,
Asia Oceania,,0,-0.12,-0.02,0,-0.02,-0.04,0.03,-0.05,-0.05,-0.07,-0.04,-0.07,0,-0.09,-0.02,-0.05,
Total OECD,,0.45,0.04,0.86,0.28,0.6,0.45,0.91,0.1,0.05,-0.04,0.25,-0.22,0.49,0.39,0.38,0.26,
Asia,,0.95,0.7,0.92,1.09,1.13,0.96,0.93,0.8,1.17,1.28,1.05,0.89,0.79,0.85,0.85,0.84,
Middle East,,-0.04,0.13,0.03,-0.04,-0.09,0.01,-0.14,-0.24,0.08,0.17,-0.03,0.12,0.22,0.12,0.06,0.13,
Americas,,-0.28,-0.01,0,0.03,0.05,0.02,0,-0.09,-0.06,0.03,-0.03,-0.01,0.09,0.05,0.06,0.05,
FSU,,-0.06,-0.04,0.18,0.08,0,0.06,0.21,0.15,0.1,0.03,0.12,0.03,0.07,0.09,0.14,0.08,
Africa,,0.05,0.08,0,0.05,-0.02,0.03,-0.02,0.01,0.01,0.08,0.02,0.1,0.1,0.08,0.08,0.09,
Europe,,0.03,0.01,0.02,0.03,0.03,0.02,0.02,0,0.01,0.03,0.01,0.01,0.02,0.02,0.01,0.01,
Total Non-OECD,,0.66,0.87,1.14,1.24,1.1,1.09,1.01,0.63,1.31,1.61,1.14,1.14,1.28,1.21,1.2,1.21,
World,,1.11,0.91,2,1.52,1.7,1.54,1.92,0.74,1.36,1.58,1.4,0.92,1.76,1.6,1.58,1.47,
Revisions to Oil Demand from Last Month's Report (mb/d),,,,,,,,,,,,,,,,,,
Americas,,0,0.04,0.06,0.08,0.15,0.08,0,0.06,-0.01,0.03,0.02,0.08,0.05,0.07,0.11,0.07,
Europe,,0,0,0,0,0,0,0,0.02,-0.07,-0.12,-0.04,-0.10,-0.03,-0.09,-0.13,-0.09,
Asia Oceania,,0,0,0,0,0,0,0,0.01,-0.01,0.01,0,0,-0.03,0,0.01,0,
Total OECD,,0,0.04,0.06,0.08,0.15,0.08,0,0.09,-0.09,-0.09,-0.02,-0.02,-0.01,-0.02,-0.01,-0.01,
Asia,,0,-0.03,-0.06,-0.02,0.08,-0.01,-0.04,-0.02,0.3,0.2,0.11,-0.02,-0.19,0.34,0.19,0.08,
Middle East,,0,0,0.02,0.02,0.05,0.02,0.06,-0.10,-0.04,0.01,-0.02,0.03,-0.05,-0.03,0,-0.01,
Americas,,0,0,0,0,0,0,0,0,0.03,0.04,0.02,0.03,0.02,0.02,0.03,0.03,
FSU,,0,0,0,0,0,0,0.1,0.03,0.02,-0.01,0.03,0.07,0.03,0.03,0.03,0.04,
Africa,,0,-0.06,-0.02,-0.04,-0.07,-0.05,-0.07,-0.02,-0.01,-0.03,-0.03,-0.05,-0.04,-0.04,-0.06,-0.05,
Europe,,0,0,0,0,0,0,0,0,0,0,0,0,0,0,0,0,
Total Non-OECD,,0,-0.09,-0.06,-0.04,0.06,-0.03,0.05,-0.11,0.3,0.21,0.11,0.06,-0.23,0.32,0.19,0.09,
World,,0,-0.05,-0.01,0.04,0.21,0.05,0.05,-0.02,0.21,0.12,0.09,0.04,-0.24,0.3,0.19,0.07,
Revisions to Oil Demand Growth from Last Month's Report (mb/d),,,,,,,,,,,,,,,,,,
World,,0,-0.05,0.02,0.07,0.17,0.05,0.1,-0.01,0.17,-0.09,0.04,-0.01,-0.22,0.09,0.06,-0.02,
*,"France, Germany, Italy, Spain and UK",,,,,,,,,,,,,,,,,
13 SEPTEMBER 2018 ,,,,,,,,,,,,,,,,,3,
TABLES ,,,,,,,INTERNATIONAL ENERGY AGENCY - OIL MARKET REPORT ,,,,,
,,,,Table 2a,,,,,,,,
,,,,,,1,,,,,,
,,,OECD REGIONAL OIL DEMAND,,,,,,,,,
Table,2a: OECD Regional Oil Demand ,,,,,,,,,,,
,,,,(million barrels per day),,,,,,,,
,,,,,,,,,,Latest month vs.,,
,2016,2017,3Q17,4Q17,1Q18,2Q18,Apr 18,May 18,Jun 18,May 18,Jun 17
Americas,,,,,,,,,,,,
LPG and ethane,3.32,3.33,3.05,3.55,3.99,3.33,3.54,3.15,3.3,0.15,0.08,
Naphtha,0.34,0.34,0.34,0.33,0.28,0.27,0.28,0.26,0.27,0.01,-0.10,
Motor gasoline,11.09,11.11,11.4,11.04,10.73,11.28,10.88,11.34,11.62,0.29,0,
Jet and kerosene,1.9,1.98,2.03,2.03,1.95,2.04,1.93,2.02,2.16,0.13,0.1,
Gasoil/diesel oil,5.13,5.14,5.07,5.28,5.39,5.36,5.32,5.57,5.19,-0.38,-0.01,
Residual fuel oil,0.63,0.68,0.64,0.67,0.63,0.67,0.73,0.7,0.59,-0.11,-0.13,
Other products,2.47,2.47,2.61,2.44,2.31,2.42,2.12,2.44,2.69,0.25,0.11,
Total,24.87,25.06,25.15,25.34,25.26,25.37,24.8,25.48,25.82,0.34,0.06,
Europe,,,,,,,,,,,,
LPG and ethane,1.16,1.12,1.08,1.11,1.24,1.1,1.14,1.1,1.07,-0.02,0.01,
Naphtha,1.1,1.18,1.17,1.22,1.16,1.02,1.04,1.01,1.01,0,-0.08,
Motor gasoline,1.88,1.89,1.98,1.85,1.82,1.99,1.94,1.98,2.05,0.07,0.01,
Jet and kerosene,1.37,1.46,1.65,1.41,1.36,1.55,1.47,1.55,1.62,0.08,0.06,
Gasoil/diesel oil,6.31,6.48,6.54,6.64,6.45,6.32,6.38,6.21,6.38,0.18,-0.24,
Residual fuel oil,0.88,0.89,0.89,0.93,0.89,0.88,0.91,0.87,0.87,0,0.02,
Other products,1.29,1.28,1.38,1.25,1.14,1.29,1.24,1.26,1.38,0.12,-0.09,
Total,13.99,14.3,14.7,14.4,14.05,14.16,14.11,13.97,14.39,0.42,-0.32,
Asia Oceania,,,,,,,,,,,,
LPG and ethane,0.78,0.75,0.69,0.73,0.82,0.72,0.72,0.73,0.69,-0.04,-0.01,
Naphtha,1.98,2.04,2.01,2.13,2.04,1.92,2.03,1.97,1.77,-0.20,-0.15,
Motor gasoline,1.55,1.54,1.62,1.56,1.51,1.51,1.49,1.51,1.52,0.01,0,
Jet and kerosene,0.9,0.91,0.71,1.05,1.18,0.74,0.78,0.76,0.69,-0.07,0,
Gasoil/diesel oil,1.82,1.89,1.87,1.95,1.95,1.9,1.9,1.87,1.93,0.07,0.01,
Residual fuel oil,0.65,0.58,0.54,0.58,0.66,0.49,0.53,0.5,0.45,-0.05,-0.05,
Other products,0.42,0.35,0.36,0.32,0.35,0.32,0.3,0.31,0.35,0.05,0.04,
Total,8.11,8.06,7.8,8.33,8.51,7.6,7.75,7.65,7.4,-0.24,-0.16,
OECD,,,,,,,,,,,,
LPG and ethane,5.25,5.2,4.83,5.39,6.05,5.14,5.4,4.98,5.06,0.08,0.09,
Naphtha,3.43,3.56,3.52,3.67,3.48,3.21,3.35,3.24,3.06,-0.18,-0.33,
Motor gasoline,14.53,14.55,15.01,14.46,14.05,14.78,14.31,14.83,15.2,0.37,0.01,
Jet and kerosene,4.17,4.35,4.4,4.48,4.49,4.32,4.17,4.33,4.47,0.14,0.17,
Gasoil/diesel oil,13.26,13.51,13.48,13.87,13.78,13.58,13.61,13.64,13.5,-0.14,-0.25,
Residual fuel oil,2.16,2.15,2.07,2.18,2.18,2.05,2.16,2.07,1.91,-0.16,-0.16,
Other products,4.18,4.1,4.35,4.01,3.79,4.04,3.67,4.01,4.42,0.41,0.05,
Total,46.97,47.42,47.66,48.06,47.82,47.13,46.67,47.1,47.62,0.52,-0.43,
1,"Demand, measured as deliveries from refineries and primary stocks, comprises inland deliveries, international bunkers and refinery fuel.",,,,,,"It includes crude for direct burning, oil from",,,,,
,"non-conventional sources and other sources of supply. Jet/kerosene comprises jet kerosene and non-aviation kerosene. Gasoil comprises diesel, light heating oil and other gasoils.",,,,,,,,,,,
,"North America comprises US 50 states, US territories, Mexico and Canada.",,,,,,,,,,,
2,Latest official OECD submissions (MOS).,,,,,,,,,,,
4,,,,,,,,,13 SEPTEMBER 2018 ,,,
INTERNATIONAL ENERGY AGENCY - OIL MARKET REPORT ,,,,,,,,,,,TABLES ,
,,,,Table 2b,,,,,,,,
,,,,,,,1,,,,,
,,OIL DEMAND IN SELECTED OECD COUNTRIES,,,,,,,,,,
Table,2b: Oil Demand in Selected OECD Countries ,,,,,,,,,,,
,,,,(million barrels per day),,,,,,,,
,,,,,,,,,,Latest month vs.,,
,2016,2017,3Q17,4Q17,1Q18,2Q18,Apr 18,May 18,Jun 18,2,May 18,Jun 17
United States3,,,,,,,,,,,,
LPG and ethane,2.47,2.54,2.31,2.73,3.12,2.58,2.75,2.44,2.54,0.1,0.08,
Naphtha,0.22,0.23,0.21,0.22,0.21,0.2,0.21,0.2,0.21,0.01,-0.04,
Motor gasoline,9.32,9.33,9.58,9.24,9.01,9.51,9.19,9.55,9.8,0.25,0.03,
Jet and kerosene,1.62,1.69,1.71,1.73,1.65,1.73,1.64,1.72,1.86,0.14,0.09,
Gasoil/diesel oil,3.88,3.93,3.85,4.05,4.18,4.13,4.15,4.27,3.95,-0.32,-0.01,
Residual fuel oil,0.33,0.34,0.31,0.34,0.28,0.32,0.41,0.31,0.25,-0.06,-0.10,
Other products,1.86,1.9,2.03,1.89,1.78,1.86,1.6,1.87,2.1,0.24,0.09,
Total,19.69,19.96,20.01,20.21,20.24,20.33,19.94,20.36,20.71,0.35,0.14,
Japan,,,,,,,,,,,,
LPG and ethane,0.42,0.39,0.34,0.39,0.46,0.35,0.38,0.36,0.32,-0.04,-0.02,
Naphtha,0.75,0.77,0.73,0.79,0.75,0.66,0.74,0.69,0.54,-0.15,-0.18,
Motor gasoline,0.9,0.88,0.94,0.89,0.84,0.85,0.84,0.85,0.86,0.01,0,
Jet and kerosene,0.51,0.51,0.34,0.62,0.73,0.37,0.39,0.38,0.32,-0.07,0,
Diesel,0.44,0.43,0.43,0.44,0.43,0.44,0.44,0.42,0.46,0.04,0.03,
Other gasoil,0.35,0.35,0.31,0.37,0.4,0.29,0.31,0.27,0.29,0.02,-0.04,
Residual fuel oil,0.33,0.28,0.27,0.28,0.34,0.23,0.24,0.24,0.21,-0.04,-0.03,
Other products,0.32,0.28,0.28,0.28,0.31,0.24,0.25,0.22,0.25,0.03,0.01,
Total,4.01,3.89,3.63,4.06,4.27,3.43,3.6,3.44,3.24,-0.20,-0.23,
Germany,,,,,,,,,,,,
LPG and ethane,0.1,0.13,0.13,0.12,0.11,0.12,0.12,0.12,0.13,0.01,0.01,
Naphtha,0.37,0.38,0.37,0.38,0.32,0.3,0.3,0.31,0.27,-0.04,-0.08,
Motor gasoline,0.42,0.43,0.44,0.42,0.45,0.45,0.45,0.45,0.46,0.02,0.02,
Jet and kerosene,0.2,0.22,0.24,0.21,0.19,0.23,0.21,0.23,0.25,0.02,0.02,
Diesel,0.76,0.76,0.78,0.76,0.7,0.74,0.76,0.72,0.74,0.02,-0.05,
Other gasoil,0.36,0.37,0.35,0.36,0.41,0.26,0.3,0.25,0.22,-0.04,-0.15,
Residual fuel oil,0.09,0.08,0.07,0.1,0.09,0.08,0.09,0.07,0.07,0,0.01,
Other products,0.09,0.09,0.11,0.09,0.07,0.09,0.08,0.07,0.12,0.04,0.01,
Total,2.38,2.46,2.49,2.43,2.33,2.27,2.3,2.23,2.27,0.04,-0.22,
Italy,,,,,,,,,,,,
LPG and ethane,0.1,0.1,0.09,0.11,0.12,0.09,0.1,0.09,0.08,-0.01,-0.01,
Naphtha,0.08,0.09,0.1,0.09,0.09,0.06,0.08,0.06,0.05,-0.01,-0.05,
Motor gasoline,0.17,0.16,0.17,0.15,0.15,0.17,0.16,0.16,0.18,0.02,0,
Jet and kerosene,0.09,0.11,0.13,0.09,0.09,0.11,0.11,0.12,0.12,0,-0.01,
Diesel,0.47,0.47,0.46,0.48,0.5,0.5,0.49,0.5,0.52,0.02,0.02,
Other gasoil,0.08,0.08,0.08,0.09,0.07,0.08,0.08,0.08,0.09,0.01,0,
Residual fuel oil,0.08,0.08,0.09,0.07,0.08,0.08,0.08,0.08,0.09,0.01,0.01,
Other products,0.16,0.15,0.16,0.16,0.15,0.17,0.17,0.18,0.18,0,0.02,
Total,1.24,1.24,1.27,1.25,1.25,1.27,1.27,1.26,1.29,0.03,-0.03,
France,,,,,,,,,,,,
LPG and ethane,0.12,0.11,0.1,0.11,0.14,0.1,0.11,0.1,0.09,0,0,
Naphtha,0.11,0.11,0.11,0.08,0.12,0.14,0.14,0.13,0.14,0,0.03,
Motor gasoline,0.17,0.18,0.2,0.18,0.17,0.2,0.19,0.2,0.2,0,0,
Jet and kerosene,0.15,0.16,0.18,0.15,0.15,0.17,0.16,0.17,0.17,0,0,
Diesel,0.7,0.72,0.73,0.72,0.7,0.71,0.71,0.7,0.73,0.03,-0.02,
Other gasoil,0.25,0.25,0.25,0.26,0.27,0.19,0.21,0.18,0.19,0,-0.02,
Residual fuel oil,0.04,0.05,0.05,0.05,0.06,0.05,0.05,0.05,0.04,-0.01,0,
Other products,0.12,0.12,0.13,0.11,0.1,0.13,0.13,0.12,0.16,0.04,-0.01,
Total,1.65,1.71,1.76,1.66,1.71,1.69,1.7,1.66,1.71,0.06,-0.03,
United Kingdom,,,,,,,,,,,,
LPG and ethane,0.15,0.14,0.13,0.13,0.14,0.13,0.13,0.13,0.13,-0.01,-0.02,
Naphtha,0.03,0.03,0.03,0.03,0.03,0.02,0.02,0.03,0.02,-0.01,-0.02,
Motor gasoline,0.29,0.29,0.29,0.28,0.27,0.29,0.29,0.28,0.31,0.02,0,
Jet and kerosene,0.32,0.32,0.33,0.33,0.34,0.33,0.34,0.32,0.33,0.01,0.01,
Diesel,0.52,0.52,0.52,0.54,0.52,0.54,0.54,0.5,0.57,0.07,0.03,
Other gasoil,0.13,0.14,0.15,0.14,0.13,0.15,0.16,0.14,0.15,0,0,
Residual fuel oil,0.03,0.03,0.03,0.03,0.03,0.02,0.02,0.02,0.03,0,0,
Other products,0.12,0.12,0.13,0.12,0.11,0.12,0.12,0.12,0.13,0,0,
Total,1.58,1.58,1.61,1.6,1.57,1.61,1.63,1.56,1.65,0.09,0.01,
Canada,,,,,,,,,,,,
LPG and ethane,0.41,0.39,0.35,0.43,0.42,0.33,0.36,0.3,0.34,0.04,-0.02,
Naphtha,0.1,0.1,0.11,0.1,0.06,0.05,0.06,0.05,0.05,0,-0.04,
Motor gasoline,0.84,0.85,0.89,0.84,0.78,0.82,0.79,0.84,0.82,-0.02,-0.08,
Jet and kerosene,0.14,0.15,0.17,0.15,0.14,0.16,0.16,0.16,0.16,0,0.02,
Diesel,0.3,0.29,0.29,0.29,0.26,0.27,0.28,0.26,0.27,0.01,-0.02,
Other gasoil,0.28,0.27,0.29,0.3,0.28,0.27,0.21,0.33,0.26,-0.06,-0.01,
Residual fuel oil,0.05,0.06,0.05,0.05,0.06,0.08,0.07,0.09,0.09,0,0.02,
Other products,0.36,0.35,0.37,0.36,0.32,0.36,0.32,0.38,0.38,0,0.05,
Total,2.47,2.45,2.52,2.52,2.32,2.35,2.25,2.41,2.38,-0.03,-0.08,
1,"Demand, measured as deliveries from refineries and primary stocks, comprises inland deliveries, international bunkers and refinery fuel. It includes crude for direct burning, oil from",,,,,,,,,,,
,"non-conventional sources and other sources of supply. Jet/kerosene comprises jet kerosene and non-aviation kerosene. Gasoil comprises diesel, light heating oil and other gasoils.",,,,,,,,,,,
2,Latest official OECD submissions (MOS).,,,,,,,,,,,
3,US figures exclude US territories.,,,,,,,,,,,
13 SEPTEMBER 2018 ,,,,,,,,,,,5,
TABLES ,,,,,,INTERNATIONAL ENERGY AGENCY - OIL MARKET REPORT ,,,,,,
,,,Table 3,,,,,,,,,
,,,WORLD OIL PRODUCTION,,,,,,,,,
Table,3: World Oil Production ,,,,,,,,,,,
,,,(million barrels per day),,,,,,,,,
,2017,2018,2019,1Q18,2Q18,3Q18,4Q18,1Q19,Jun 18,Jul 18,Aug 18,
OPEC,,,,,,,,,,,,
Crude Oil,,,,,,,,,,,,
Saudi Arabia,9.96,,,9.95,10.14,,,,10.46,10.35,10.42,
Iran,3.81,,,3.83,3.84,,,,3.83,3.78,,3.63
Iraq,4.47,,,4.45,4.47,,,,4.54,4.56,,4.65
UAE,2.93,,,2.84,2.88,,,,2.9,2.98,,2.98
Kuwait,2.71,,,2.7,2.71,,,,2.72,2.8,,2.83
Neutral Zone,0,,,0,0,,,,0,0,,0
Qatar,0.61,,,0.6,0.61,,,,0.62,0.62,,0.62
Angola,1.64,,,1.55,1.49,,,,1.45,1.47,,1.47
Nigeria,1.53,,,1.66,1.51,,,,1.46,1.52,,1.61
Libya,0.83,,,1.01,0.89,,,,0.71,0.67,,0.95
Algeria,1.05,,,1.01,1.03,,,,1.05,1.06,,1.06
Congo,0.26,,,0.31,0.32,,,,0.33,0.31,,0.32
Gabon,0.2,,,0.21,0.19,,,,0.2,0.18,,0.2
Equatorial Guinea,0.13,,,0.13,0.12,,,,0.12,0.12,,0.12
Ecuador,0.53,,,0.52,0.53,,,,0.53,0.53,,0.53
Venezuela,1.97,,,1.54,1.36,,,,1.3,1.26,,1.24
Total Crude Oil,32.62,,,32.32,32.08,,,,32.22,32.21,32.63,
Total NGLs1,6.91,6.98,7.05,6.94,6.95,7.01,7.03,7.05,6.95,7.01,,7.01
Total OPEC2,39.52,,,39.26,39.03,,,,39.17,39.22,39.64,
"NON-OPEC2,3",,,,,,,,,,,,
OECD,,,,,,,,,,,,
Americas,20.32,22.19,23.57,21.74,22.14,22.26,22.61,23.21,22.25,22.42,22.35,
United States,13.27,14.99,16.23,14.38,15.05,15.18,15.34,15.73,15.22,15.28,15.22,
Mexico,2.23,2.1,2.04,2.15,2.12,2.08,2.06,2.04,2.09,2.09,,2.09
Canada,4.82,5.08,5.29,5.19,4.95,4.99,5.2,5.43,4.93,5.03,,5.03
Chile,0.01,0.01,0.01,0.01,0.01,0.01,0.01,0.01,0.01,0.01,,0.01
Europe,3.49,3.44,3.39,3.55,3.34,3.37,3.49,3.47,3.29,3.47,,3.32
UK,1.01,1.07,1.1,1.08,1.04,1.04,1.13,1.12,0.95,1.04,,1.01
Norway,1.97,1.85,1.76,1.96,1.79,1.81,1.84,1.83,1.85,1.91,,1.81
Others,0.51,0.51,0.52,0.51,0.51,0.51,0.51,0.52,0.5,0.52,,0.51
Asia Oceania,0.39,0.39,0.47,0.4,0.39,0.38,0.4,0.43,0.4,0.38,,0.38
Australia,0.31,0.32,0.4,0.33,0.31,0.31,0.33,0.36,0.33,0.31,,0.31
Others,0.07,0.07,0.07,0.07,0.07,0.07,0.07,0.07,0.07,0.07,,0.07
Total OECD,24.2,26.02,27.43,25.69,25.86,26.01,26.5,27.11,25.94,26.27,26.05,
NON-OECD,,,,,,,,,,,,
Former USSR,14.34,14.54,14.78,14.43,14.47,14.58,14.67,14.79,14.52,14.67,14.51,
Russia,11.36,11.49,11.71,11.34,11.38,11.59,11.64,11.67,11.45,11.6,11.59,
Others,2.98,3.05,3.06,3.09,3.09,2.99,3.03,3.12,3.08,3.08,,2.92
Asia2,7.34,7.14,6.92,7.24,7.2,7.1,7.03,6.97,7.28,7.12,,7.1
China,3.87,3.8,3.7,3.82,3.86,3.78,3.75,3.72,3.92,3.8,,3.77
Malaysia,0.72,0.72,0.7,0.74,0.72,0.72,0.71,0.7,0.73,0.72,,0.72
India,0.86,0.84,0.8,0.85,0.85,0.83,0.82,0.81,0.85,0.83,,0.83
Indonesia,0.84,0.8,0.77,0.81,0.81,0.8,0.79,0.78,0.8,0.8,,0.8
Others,1.05,0.98,0.94,1.02,0.97,0.98,0.97,0.96,0.98,0.98,,0.98
Europe,0.13,0.12,0.11,0.12,0.12,0.12,0.12,0.12,0.12,0.12,,0.12
Americas2,4.54,4.56,4.87,4.5,4.53,4.55,4.67,4.73,4.52,4.48,,4.58
Brazil,2.74,2.77,3.12,2.71,2.72,2.75,2.89,2.96,2.71,2.69,,2.78
Argentina,0.57,0.57,0.57,0.57,0.58,0.57,0.57,0.57,0.58,0.58,,0.57
Colombia,0.86,0.86,0.84,0.86,0.87,0.87,0.86,0.85,0.87,0.87,,0.87
Others,0.37,0.35,0.34,0.36,0.37,0.35,0.35,0.34,0.36,0.34,,0.35
"Middle East2,4",1.25,1.25,1.25,1.21,1.26,1.27,1.27,1.26,1.27,1.27,,1.27
Oman,0.98,0.98,0.96,0.97,0.98,0.98,0.98,0.97,0.98,0.98,,0.98
Syria,0.02,0.02,0.02,0.02,0.02,0.02,0.02,0.02,0.02,0.02,,0.02
Yemen,0.03,0.04,0.04,0.03,0.04,0.04,0.04,0.04,0.04,0.04,,0.04
Others,0.21,0.21,0.22,0.18,0.22,0.22,0.22,0.22,0.22,0.22,,0.22
Africa,1.41,1.45,1.44,1.44,1.48,1.46,1.43,1.45,1.51,1.47,,1.46
Egypt,0.64,0.64,0.61,0.65,0.65,0.64,0.63,0.62,0.65,0.64,,0.64
Others,0.77,0.81,0.83,0.8,0.82,0.82,0.8,0.83,0.86,0.82,,0.82
Total Non-OECD,28.99,29.07,29.37,28.96,29.06,29.08,29.2,29.32,29.22,29.14,29.03,
,5,,,,,,,,,,,
Processing gains,2.29,2.32,2.35,2.32,2.32,2.32,2.32,2.35,2.32,2.32,,2.32
Global Biofuels,2.47,2.56,2.66,2.09,2.71,2.97,2.47,2.19,3.01,3.03,,3.01
TOTAL NON-OPEC,57.96,59.97,61.81,59.06,59.95,60.38,60.48,60.96,60.49,60.75,60.41,
TOTAL SUPPLY,97.48,,,98.32,98.98,,,,99.66,99.97,100.05,
1,"Includes condensates reported by OPEC countries, oil from non-conventional sources,",,e.g. NGLs in Qatar and Nigeria,,,,,,,,,
,and non-oil inputs to Saudi Arabian MTBE.,,,,,,,,,,,
2,"Latin America excludes Ecuador throughout. Africa excludes Angola, Congo, Gabon and Equatorial Guinea throughout. Asia includes Indonesia throughout.",,,,,,,,,,,
3,"Comprises crude oil, condensates, NGLs and oil from non-conventional sources",,,,,,,,,,,
4,Includes small amounts of production from Jordan and Bahrain.,,,,,,,,,,,
5,Net volumetric gains and losses in refining and marine transportation losses.,,,,,,,,,,,
6,,,,,,,,,13 SEPTEMBER 2018 ,,,
INTERNATIONAL ENERGY AGENCY - OIL MARKET REPORT ,,,,,,,,,,,TABLES 
,,,,Table 3a,,,,,,,
,,,,,,,1,,,,
,,OIL SUPPLY IN OECD COUNTRIES,,,,,,,,,
Table,3a: Oil Supply in OECD Countries ,,,,,,,,,,
,,,(thousand of barrels per day),,,,,,,,
,2017,2018,2019,1Q18,2Q18,3Q18,4Q18,1Q19,Jun 18,Jul 18,Aug 18
United States,,,,,,,,,,,
Alaska,495,465,449,511,481,412,456,495,451,383,418
California,492,476,463,477,479,475,472,468,477,477,475
Texas,3487,4352,4920,4032,4292,4484,4593,4733,4410,4455,4490
Federal Gulf of Mexico2,1679,1628,1711,1671,1581,1630,1632,1780,1658,1665,1683
Other US Lower 48,3199,3689,4030,3543,3697,3758,3754,3849,3678,3759,3750
NGLs3,3783,4238,4506,4006,4303,4290,4350,4265,4326,4374,4267
Other Hydrocarbons,134,145,145,144,220,130,88,144,220,167,136
Total,13268,14993,16226,14384,15052,15179,15344,15733,15220,15280,15219
Canada,,,,,,,,,,,
Alberta Light/Medium/Heavy,446,482,479,479,487,482,482,481,477,481,483
Alberta Bitumen,1647,1834,1920,1775,1790,1882,1887,1919,1770,1893,1931
Saskatchewan,486,483,474,491,482,480,479,478,486,481,479
Other Crude,372,390,472,404,392,364,398,470,322,352,389
NGLs,839,877,889,951,852,820,888,964,817,816,817
Synthetic Crudes,1026,1015,1057,1089,949,959,1064,1115,1053,1012,931
Total,4815,5081,5292,5189,4953,4986,5198,5426,4925,5035,5030
Mexico,,,,,,,,,,,
Crude,1948,1851,1800,1896,1866,1834,1809,1794,1846,1840,1839
NGLs,280,247,238,253,248,244,242,240,244,247,243
Total,2233,2103,2043,2153,2120,2083,2057,2039,2095,2092,2087
UK Offshore5,,,,,,,,,,,
Brent Fields,40,38,32,38,41,36,37,36,40,30,38
Forties Fields,425,391,386,404,393,351,415,407,367,334,304
Ninian Fields,39,36,33,36,37,36,35,34,37,36,37
Flotta Fields,24,21,18,25,20,20,19,19,21,21,19
Other Fields,365,466,532,448,426,483,509,525,371,494,488
NGLs,92,94,86,100,96,91,89,87,82,95,91
Total,985,1047,1086,1051,1014,1017,1104,1109,918,1010,977
Norway5,,,,,,,,,,,
Ekofisk-Ula Area,204,189,170,191,191,188,185,182,175,191,187
Oseberg-Troll Area,297,241,219,255,227,238,243,229,258,239,233
Statfjord-Gullfaks Area,328,284,239,302,299,255,283,303,295,337,251
Haltenbanken Area,309,333,325,368,309,319,334,331,307,315,320
Sleipner-Frigg Area,449,430,432,452,412,432,426,422,451,433,432
NGLs,381,368,348,390,350,371,364,352,360,386,374
Total,1969,1850,1765,1959,1789,1812,1844,1830,1847,1911,1808
Other OECD Europe,,,,,,,,,,,
Other N Sea Crude/NGLs6,152,133,126,136,127,135,133,130,122,138,134
UK Onshore,19,17,15,18,18,17,16,16,18,17,17
Italy,78,95,118,94,94,93,99,107,94,93,92
Turkey,49,54,54,52,55,55,55,54,55,55,55
Other,118,118,111,119,120,118,115,114,117,119,118
NGLs (excl. North Sea),12,11,11,12,11,10,10,11,10,11,10
Non-Conventional Oils,79,80,81,77,81,81,81,81,79,81,80
Total,507,508,516,508,505,509,509,513,495,514,506
Australia,,,,,,,,,,,
Gippsland Basin,35,25,23,25,25,25,24,24,25,25,25
Cooper-Eromanga Basin,30,33,33,33,33,33,33,33,33,33,33
Carnarvon Basin,207,172,143,219,174,151,146,145,154,152,151
Other Crude,-9,45,136,9,36,57,76,100,67,58,53
NGLs,51,50,70,48,46,50,55,61,49,49,50
Total,315,322,401,334,313,311,330,358,327,312,307
Other OECD Asia Oceania,,,,,,,,,,,
New Zealand,31,23,20,27,22,23,22,21,22,23,23
Japan,4,4,4,4,4,4,4,4,4,4,4
NGLs,13,13,13,14,13,13,13,13,13,13,12
Synthetic Fuels,25,31,33,23,34,33,33,33,34,32,33
Total,74,71,70,68,73,72,72,71,73,72,72
OECD,,,,,,,,,,,
Crude Oil,17477,18832,19946,18566,18643,18903,19206,19738,18641,18967,18988
NGLs,5426,5878,6142,5753,5898,5869,5990,5974,5880,5971,5844
Non-Conventional Oils4,1296,1306,1341,1368,1318,1238,1301,1397,1421,1328,1216
Total,24199,26016,27429,25687,25860,26010,26496,27109,25942,26267,26048
1,Subcategories refer to crude oil only unless otherwise noted.,,,,,,,,,,
2,Only production from Federal waters is included.,,,,,,,,,,
3,"To the extent possible, condensates from natural gas processing plants are included with NGLs, while field condensates are counted as crude oil.",,,,,,,,,,
4,Does not include biofuels.,,,,,,,,,,
5,"North Sea production is grouped by area including all fields being processed through the named field complex, ie, not just the field of that name.",,,,,,,,,,
6,Other North Sea NGLs is included.,,,,,,,,,,
13 SEPTEMBER 2018 ,,,,,,,,,,,7
TABLES ,,,,,,,,INTERNATIONAL ENERGY AGENCY - OIL MARKET REPORT ,,,,
,,,,,Table 4,,,,,,,
,,,,,1,,,,,,,
,,OECD INDUSTRY STOCKS,,,AND QUARTERLY STOCK CHANGES,,,,,,,
Table,4: OECD Industry Stocks and Quarterly Stock Changes ,,,,,,,,,,,
,,RECENT MONTHLY STOCKS2,,,,PRIOR YEARS' STOCKS2,,,STOCK CHANGES,,,
,,in Million Barrels,,,,in Million Barrels,,,,in mb/d,,
,Mar2018,Apr2018,May2018,Jun2018,Jul2018*,Jul2015,Jul2016,Jul2017,3Q2017,4Q2017,1Q2018,2Q2018
OECD Americas,,,,,,,,,,,,
Crude,584.9,585.3,592.7,572.6,566.3,586.6,649.7,643.3,-0.35,-0.48,0.04,-0.14
Motor Gasoline,273,271.5,270.9,266.5,262.4,248,272.8,262.2,-0.19,0.17,0.06,-0.07
Middle Distillate,205.8,195.2,185.8,191.9,197.1,215.8,230.1,222.2,-0.15,0.09,-0.15,-0.15
Residual Fuel Oil,40.8,38.7,37.6,35.3,35,47.4,45,36.9,0.01,-0.06,0.06,-0.06
Total Products3,703.4,696.9,698.7,708.9,723.5,739.2,794.9,751.8,-0.08,-0.10,-0.35,0.06
Total4,1468.4,1461.6,1476.8,1470.4,1477.1,1513.7,1639.7,1588,-0.27,-0.79,-0.34,0.02
OECD Europe,,,,,,,,,,,,
Crude,344.2,352.5,360.3,354.7,356.5,339.3,367,360.1,-0.28,-0.08,0.16,0.12
Motor Gasoline,96.5,93.8,85.3,84,83.7,83.9,96.9,89.3,-0.06,0.13,-0.03,-0.14
Middle Distillate,268.4,262.9,260.3,257.1,261.1,284.4,333.9,304.2,-0.04,-0.24,-0.03,-0.12
Residual Fuel Oil,62.1,61.4,62.2,60.8,59.8,68.3,75.3,63,-0.07,0,0.03,-0.01
,3,,,,,,,,,,,
Total Products,545.8,534.1,518.3,520.5,522.2,528.8,608.7,565.7,-0.09,-0.13,0.03,-0.28
Total4,969.9,970.4,961.8,957.6,961.1,936.4,1045.9,1001,-0.37,-0.24,0.25,-0.14
OECD Asia Oceania,,,,,,,,,,,,
Crude,161.1,163.2,162.7,161.8,151.4,204.9,196.2,197,0.09,-0.10,-0.31,0.01
Motor Gasoline,24,24.4,26.4,24.1,24.5,24.7,24.9,22.8,-0.02,0,0.01,0
Middle Distillate,62,65.1,64,65.3,70,65.6,71.7,64.1,0.03,-0.04,-0.01,0.04
Residual Fuel Oil,18.2,19,19.7,21.3,20.6,19.8,19.4,21.6,-0.02,0,-0.01,0.03
,3,,,,,,,,,,,
Total Products,161.3,164.9,164.8,165,171.1,170.2,184.2,175.6,0.03,-0.08,-0.04,0.04
Total4,378,388.4,389.8,388.4,386.1,438.6,441.6,436.5,0.1,-0.23,-0.38,0.11
Total OECD,,,,,,,,,,,,
Crude,1090.1,1101.1,1115.7,1089.1,1074.2,1130.8,1213,1200.3,-0.54,-0.66,-0.11,-0.01
Motor Gasoline,393.6,389.7,382.6,374.6,370.6,356.6,394.5,374.4,-0.27,0.3,0.05,-0.21
Middle Distillate,536.2,523.2,510.1,514.3,528.1,565.8,635.7,590.4,-0.16,-0.19,-0.19,-0.24
Residual Fuel Oil,121,119.1,119.5,117.4,115.3,135.5,139.6,121.4,-0.08,-0.05,0.09,-0.04
,3,,,,,,,,,,,
Total Products,1410.5,1395.9,1381.9,1394.4,1416.8,1438.2,1587.8,1493,-0.15,-0.31,-0.36,-0.18
Total4,2816.3,2820.3,2828.4,2816.4,2824.2,2888.7,3127.2,3025.5,-0.54,-1.26,-0.46,0
,,,,,,5,,,,,,
,OECD GOVERNMENT-CONTROLLED STOCKS,,,,,AND QUARTERLY STOCK CHANGES,,,,,,
,,RECENT MONTHLY STOCKS2,,,,PRIOR YEARS' STOCKS2,,,STOCK CHANGES,,,
,,in Million Barrels,,,,in Million Barrels,,,,in mb/d,,
,Mar2018,Apr2018,May2018,Jun2018,Jul2018*,Jul2015,Jul2016,Jul2017,3Q2017,4Q2017,1Q2018,2Q2018
OECD Americas,,,,,,,,,,,,
Crude,665.5,664,660.2,660,660,695.1,695.1,678.9,-0.06,-0.12,0.03,-0.06
Products,2,2,2,2,2,2,2,2,0,0,0,0
OECD Europe,,,,,,,,,,,,
Crude,207.6,208.7,209.3,208.6,208.5,207.8,205.7,208.3,0,-0.02,0.02,0.01
Products,274.2,272.8,272,273.5,274,257.6,268.7,268.4,-0.06,0.04,0.04,-0.01
OECD Asia Oceania,,,,,,,,,,,,
Crude,383.4,383.4,383.4,383.4,383.4,384.4,385.4,385,0,-0.01,-0.01,0
Products,38.7,38.7,38.7,38.7,38.7,33.4,35.5,38,0,0,0,0
Total OECD,,,,,,,,,,,,
Crude,1256.5,1256.1,1252.9,1252,1251.9,1287.3,1286.2,1272.2,-0.06,-0.15,0.04,-0.05
Products,314.9,313.5,312.7,314.2,314.8,293,306.2,308.4,-0.05,0.04,0.04,-0.01
Total4,1574.7,1573.3,1569.1,1569.6,1569.9,1584.5,1594.9,1583.9,-0.12,-0.11,0.08,-0.06
*,estimated,,,,,,,,,,,
1,Stocks are primary national territory stocks on land (excluding utility stocks and including pipeline and entrepot stocks where known) and include stocks held by,,,,,,,,,,,
,"industry to meet IEA, EU and national emergency reserve commitments and are subject to government control in emergencies.",,,,,,,,,,,
2,Closing stock levels.,,,,,,,,,,,
3,"Total products includes gasoline, middle distillates, fuel oil and other products.",,,,,,,,,,,
4,"Total includes NGLs, refinery feedstocks, additives/oxygenates and other hydrocarbons.",,,,,,,,,,,
5,Includes government-owned stocks and stock holding organisation stocks held for emergency purposes.,,,,,,,,,,,
8,,,,,,,,,,13 SEPTEMBER 2018 ,,
INTERNATIONAL ENERGY AGENCY - OIL MARKET REPORT ,,,,,,,,,,,,,,,TABLES 
,,,,,,Table 4a,,,,,,,,,
,,,,,1,,,,,,,,,,
,,INDUSTRY STOCKS,,,,ON LAND IN SELECTED COUNTRIES,,,,,,,,,
Table,4a: Industry Stocks on Land in Selected Countries ,,,,,,,,,,,,,,
,,,,,,(million barrels),,,,,,,,,
,,February,,,March,,,April,,,May,,,June,
,2017,2018,%,2017,2018,%,2017,2018,%,2017,2018,%,2017,2018,%
United States2,,,,,,,,,,,,,,,
Crude,525.4,423.5,-19.4,538.6,423.4,-21.4,524.3,435.1,-17.0,516.8,433.3,-16.2,501.6,414.8,-17.3
Motor gasoline,253.6,252.6,-0.4,239.6,239.6,0,243.5,239.9,-1.5,242.5,242.2,-0.1,238.4,240.3,0.8
Middle distillate,209,183.2,-12.3,196.5,172.4,-12.3,201.6,162.9,-19.2,200.6,157.9,-21.3,194.9,162.5,-16.6
Residual fuel oil,37.8,32.8,-13.2,37.5,35,-6.7,36.5,32.3,-11.5,37,31.9,-13.8,33.2,30,-9.6
Other products,168.4,160.6,-4.6,165.1,162.1,-1.8,170.4,168.9,-0.9,183.8,180.8,-1.6,196,193,-1.5
Total products,668.8,629.2,-5.9,638.7,609.1,-4.6,652,604,-7.4,663.9,612.8,-7.7,662.5,625.8,-5.5
Other3,160.1,157.5,-1.6,161.6,163.7,1.3,163.2,161.1,-1.3,168.7,164.3,-2.6,166.7,166.5,-0.1
Total,1354.3,1210.2,-10.6,1338.9,1196.2,-10.7,1339.5,1200.2,-10.4,1349.4,1210.4,-10.3,1330.8,1207.1,-9.3
Japan,,,,,,,,,,,,,,,
Crude,93.8,95.9,2.2,91.9,87.3,-5.0,95.8,93.4,-2.5,105,97.5,-7.1,97.8,92.7,-5.2
Motor gasoline,11.1,10.4,-6.3,10.8,10.1,-6.5,11.4,10.7,-6.1,11.8,11.5,-2.5,11.2,9.9,-11.6
Middle distillate,28.8,25.1,-12.8,25.3,27.8,9.9,28.5,29.8,4.6,29.7,29.4,-1.0,30.4,28.4,-6.6
Residual fuel oil,7.9,7.1,-10.1,7.8,7.2,-7.7,8,7.7,-3.8,8.6,8.3,-3.5,8.2,8,-2.4
Other products,34.3,32.9,-4.1,32.9,33.8,2.7,34.7,34.2,-1.4,35,33.1,-5.4,35.9,32.5,-9.5
Total products,82.1,75.5,-8.0,76.8,78.9,2.7,82.6,82.4,-0.2,85.1,82.3,-3.3,85.7,78.8,-8.1
Other3,52.4,47.6,-9.2,49.8,46,-7.6,52.3,50.9,-2.7,54.3,52.9,-2.6,55.1,51.7,-6.2
Total,228.3,219,-4.1,218.5,212.2,-2.9,230.7,226.7,-1.7,244.4,232.7,-4.8,238.6,223.2,-6.5
Germany,,,,,,,,,,,,,,,
Crude,49.4,47.6,-3.6,49,50.8,3.7,47.9,47.7,-0.4,50.1,48.9,-2.4,48.4,49.4,2.1
Motor gasoline,11.7,11.3,-3.4,9.8,10.6,8.2,10,9.9,-1.0,9.3,9.5,2.2,7.8,9.5,21.8
Middle distillate,24.7,24.4,-1.2,23.3,24.4,4.7,26.4,26.7,1.1,24,25.8,7.5,22.8,25.5,11.8
Residual fuel oil,8.5,8.3,-2.4,7.5,8.2,9.3,7.4,8.2,10.8,7.2,8.4,16.7,7.5,7.8,4
Other products,10.2,10.6,3.9,10.1,10.5,4,10.6,10.5,-0.9,9.5,10.1,6.3,10,10.4,4
Total products,55.1,54.6,-0.9,50.7,53.7,5.9,54.4,55.3,1.7,50,53.8,7.6,48.1,53.2,10.6
Other3,0,0,0,0,0,0,0,0,0,0,0,0,0,0,0
Total,104.5,102.2,-2.2,99.7,104.5,4.8,102.3,103,0.7,100.1,102.7,2.6,96.5,102.6,6.3
Italy,,,,,,,,,,,,,,,
Crude,40.3,38.7,-4.0,43,36.4,-15.3,38.3,42,9.7,41.3,40.9,-1.0,45.3,39.7,-12.4
Motor gasoline,13.2,13.8,4.5,13.6,13.2,-2.9,13,11.8,-9.2,13,10.3,-20.8,11.9,10.9,-8.4
Middle distillate,32.7,30.1,-8.0,33.1,30.3,-8.5,31.1,27.5,-11.6,31.8,28.2,-11.3,29.5,27.4,-7.1
Residual fuel oil,9,10.3,14.4,10.5,9.6,-8.6,10.1,10.2,1,10.2,10.4,2,9.6,9.8,2.1
Other products,14.4,13.6,-5.6,13.8,13.7,-0.7,13.8,12.9,-6.5,12.8,13.4,4.7,13.1,12.9,-1.5
Total products,69.3,67.8,-2.2,71,66.8,-5.9,68,62.4,-8.2,67.8,62.3,-8.1,64.1,61,-4.8
Other3,16.9,15.9,-5.9,15.4,15.1,-1.9,16.8,15.2,-9.5,15.6,16.1,3.2,16.6,15.6,-6.0
Total,126.5,122.4,-3.2,129.4,118.3,-8.6,123.1,119.6,-2.8,124.7,119.3,-4.3,126,116.3,-7.7
France,,,,,,,,,,,,,,,
Crude,11.5,12.5,8.7,14.1,14.3,1.4,12.3,13.6,10.6,12.5,15.2,21.6,10.5,15.8,50.5
Motor gasoline,4.7,4.5,-4.3,3.1,3.5,12.9,3.4,3.4,0,4.6,3.3,-28.3,4.9,4.1,-16.3
Middle distillate,20.4,18.9,-7.4,19.5,17.5,-10.3,19.5,20.1,3.1,20.2,18.9,-6.4,19.4,18.1,-6.7
Residual fuel oil,1.6,1.4,-12.5,1.6,1.2,-25.0,1.2,1,-16.7,1.2,0.9,-25.0,1.7,0.8,-52.9
Other products,4.1,4,-2.4,4.7,3.7,-21.3,4.7,3.5,-25.5,4.3,3.4,-20.9,4,3.4,-15.0
Total products,30.8,28.8,-6.5,28.9,25.9,-10.4,28.8,28,-2.8,30.3,26.5,-12.5,30,26.4,-12.0
Other3,8.6,8.1,-5.8,9.3,8.6,-7.5,8.1,8.8,8.6,8.4,9,7.1,8.3,9.3,12
Total,50.9,49.4,-2.9,52.3,48.8,-6.7,49.2,50.4,2.4,51.2,50.7,-1.0,48.8,51.5,5.5
United Kingdom,,,,,,,,,,,,,,,
Crude,30.7,27.2,-11.4,29.6,27.7,-6.4,30.8,29.6,-3.9,30,31.9,6.3,29.6,33.4,12.8
Motor gasoline,10.2,11,7.8,10.7,11.3,5.6,11,10.5,-4.5,9.5,9.4,-1.1,9.8,9.9,1
Middle distillate,27.4,24.9,-9.1,27,23.8,-11.9,27.8,23.8,-14.4,27.8,23.9,-14.0,26.5,23.9,-9.8
Residual fuel oil,1.4,1.7,21.4,1.4,1.5,7.1,1.3,1.4,7.7,1.1,1.4,27.3,1.2,1.5,25
Other products,4.8,6.2,29.2,4.9,6.1,24.5,5,6,20,4.7,5.5,17,5.1,6.2,21.6
Total products,43.8,43.8,0,44,42.7,-3.0,45.1,41.7,-7.5,43.1,40.2,-6.7,42.6,41.5,-2.6
Other3,7,8.7,24.3,7.7,8.5,10.4,8.2,7.6,-7.3,7.6,8.5,11.8,8.5,8.5,0
Total,81.5,79.7,-2.2,81.3,78.9,-3.0,84.1,78.9,-6.2,80.7,80.6,-0.1,80.7,83.4,3.3
Canada4,,,,,,,,,,,,,,,
Crude,124.2,117,-5.8,121.9,120.3,-1.3,114.8,115.7,0.8,113.9,123.6,8.5,116.1,120.9,4.1
Motor gasoline,15.8,18,13.9,15.1,18.9,25.2,14.8,16.8,13.5,15.5,14,-9.7,14.9,13.9,-6.7
Middle distillate,17.8,19.7,10.7,17.5,21.7,24,19.2,20.1,4.7,16.2,16.1,-0.6,16.9,17.5,3.6
Residual fuel oil,2,2.4,20,2.7,2.1,-22.2,2.4,2.4,0,1.9,2.1,10.5,2.3,2.3,0
Other products,13.4,11.3,-15.7,13.1,12.6,-3.8,13.2,12.9,-2.3,13,13.7,5.4,12.6,13,3.2
Total products,49,51.4,4.9,48.4,55.3,14.3,49.6,52.2,5.2,46.6,45.9,-1.5,46.7,46.7,0
Other3,13.2,15.8,19.7,14.5,16.2,11.7,16.9,18,6.5,19.1,20.6,7.9,19.7,22.1,12.2
Total,186.4,184.2,-1.2,184.8,191.8,3.8,181.3,185.9,2.5,179.6,190.1,5.8,182.5,189.7,3.9
1,Stocks are primary national territory stocks on land (excluding utilitity stocks and including pipeline and entrepot stocks where known) and include,,,,,,,,,,,,,,
,"stocks held by industry to meet IEA, EU and national emergency reserve commitments and are subject to government control in emergencies.",,,,,,,,,,,,,,
2,US figures exclude US territories.,,,,,,,,,,,,,,
3,"Other includes NGLs, refinery feedstocks, additives/oxygenates and other hydrocarbons.",,,,,,,,,,,,,,
4,Canadian stock information for recent months is the administration's best estimate. Data are usually finalised three months after first publication.,,,,,,,,,,,,,,
13 SEPTEMBER 2018 ,,,,,,,,,,,,,,,9
TABLES ,,,,,,INTERNATIONAL ENERGY AGENCY - OIL MARKET REPORT ,,,,,
,,,,Table 5,,,,,,,
,,,,,,,1,,,,
,,TOTAL STOCKS ON LAND IN OECD COUNTRIES,,,,,,,,,
Table,5: Total Stocks on Land in OECD Countries ,,,,,,,,,,
,,,('millions of barrels' and 'days'),,,,,,,,
,,End June 2017,End September 2017,End December 2017,,,End March 2018,,End June 2018,3,
,,Stock,Days Fwd2,Stock,Days Fwd,Stock,Days Fwd,Stock,Days Fwd,Stock,Days Fwd
,,Level,Demand,Level,Demand,Level,Demand,Level,Demand,Level,Demand
OECD Americas,,,,,,,,,,,
Canada,,182.7,72,185.7,74,189.2,81,191.9,82,189.7,-
Chile,,11.2,31,12.5,35,11.5,31,10.8,29,12.3,-
Mexico,,49.3,25,46.5,24,43.8,22,47.3,23,39.1,-
United States4,,2011.9,101,1979.8,98,1896.6,94,1863.8,92,1869.2,-
Total4,,2277.2,91,2246.6,89,2163.2,86,2135.9,84,2132.5,84
OECD Asia Oceania,,,,,,,,,,,
Australia,,35.4,30,33.7,28,34.2,29,40.3,33,42.5,-
Israel,,-,-,-,-,-,-,-,-,-,-
Japan,,566.3,156,571.3,141,562.8,132,538.6,157,549.4,-
Korea,,236.4,92,243.5,92,230.6,88,213,84,209.6,-
New Zealand,,9,57,8.1,46,7.4,41,8.1,50,8.8,-
Total,,847.1,109,856.6,103,835.1,98,800.1,105,810.4,105
OECD Europe5,,,,,,,,,,,
Austria,,21.8,76,22.1,83,21.4,84,23,84,21.2,-
Belgium,,46.6,73,44.1,66,41.4,59,46.2,75,43.8,-
Czech Republic,,21.4,94,21.4,98,21.5,108,22.7,104,21.4,-
Denmark,,27.3,172,23.6,146,23.4,152,22.1,137,22.8,-
Estonia,,2.7,100,2.2,82,3,113,2.5,81,2.6,-
Finland,,43.4,194,44.7,213,41.1,186,41,190,40.8,-
France,,165.4,94,165.2,99,165.7,97,166,98,168.5,-
Germany,,276.7,111,273.9,113,278.8,119,279.9,123,278.2,-
Greece,,32.4,99,32.3,108,32.4,116,33.3,115,32.1,-
Hungary,,25.2,148,26.2,150,25.4,152,26.1,147,25.2,-
Ireland,,12.1,79,10.1,63,11,68,11.4,73,10,-
Italy,,133.7,105,127.7,102,125.1,100,125.8,99,125.4,-
Latvia,,3.3,67,1.5,36,2.5,67,3.1,72,3.6,-
Luxembourg,,0.7,12,0.6,11,0.6,10,0.6,9,0.4,-
Netherlands,,156.1,163,149.7,163,142.5,154,147.8,159,142.4,-
Norway,,22,109,22,89,23.3,92,27.2,126,26.4,-
Poland,,69.5,102,69.2,102,71.8,113,75,111,75.7,-
Portugal,,24,92,24.1,98,22.9,99,24.8,106,23.8,-
Slovak Republic,,13,145,12.1,126,11.4,146,12.1,132,11.6,-
Slovenia,,5.1,92,4.7,88,5.2,99,5.1,92,4.9,-
Spain,,128.7,98,127.2,98,119.5,91,124.7,94,117.9,-
Sweden,,53.2,160,42.3,131,35.6,127,38.7,115,37.7,-
Switzerland,,34.5,161,35.4,148,33.9,159,33.1,158,33.2,-
Turkey,,84,75,83.9,80,83.2,90,84.1,87,90.1,-
United Kingdom,,80.7,50,77.5,48,80.1,51,79,49,83.4,-
Total,,1483.4,101,1443.9,100,1422.6,101,1455.1,103,1443.1,99
Total OECD,,4607.6,97,4547,95,4420.8,92,4391.1,93,4385.9,92
DAYS OF IEA Net Imports6 -,,196,-,192,-,187,-,186,-,190,
1,Total Stocks are industry and government-controlled stocks (see breakdown in table below).,,Stocks are primary national territory stocks on land (excluding utility stocks,,,,,,,,
,"and including pipeline and entrepot stocks where known) they include stocks held by industry to meet IEA, EU and national emergency reserves commitments and are",,,,,,,,,,
,subject to government control in emergencies.,,,,,,,,,,
2,Note that days of forward demand represent the stock level divided by the forward quarter average daily demand and is very different from the days of net,,,,,,,,,,
,imports used for the calculation of IEA Emergency Reserves.,,,,,,,,,,
3,End June 2018 forward demand figures are IEA Secretariat forecasts.,,,,,,,,,,
4,US figures exclude US territories.,Total includes US territories.,,,,,,,,,
5,Data not available for Iceland.,,,,,,,,,,
6,Reflects stock levels and prior calendar year's net imports adjusted according to IEA emergency reserve definitions (see www.iea.org/netimports.asp).,,,,,,,,,,
,Net exporting IEA countries are excluded.,,,,,,,,,,
,,,TOTAL OECD STOCKS,,,,,,,,
CLOSING STOCKS,,Total,Government1,Industry,,Total,,Government1,Industry,,
,,,controlled,,,,,controlled,,,
,,,Millions of Barrels,,,,Days of Fwd. Demand 2,,,,
2Q2015,,4467,1587,2880,,,95,34,61,,
3Q2015,,4538,1581,2957,,,97,34,63,,
4Q2015,,4577,1588,2989,,,98,34,64,,
1Q2016,,4633,1595,3039,,,100,35,66,,
2Q2016,,4668,1592,3076,,,99,34,65,,
3Q2016,,4679,1596,3084,,,99,34,65,,
4Q2016,,4602,1600,3002,,,98,34,64,,
1Q2017,,4630,1600,3031,,,98,34,64,,
2Q2017,,4608,1588,3019,,,97,33,63,,
3Q2017,,4547,1578,2969,,,95,33,62,,
4Q2017,,4421,1568,2853,,,92,33,60,,
1Q2018,,4391,1575,2816,,,93,33,60,,
2Q2018,,4386,1570,2816,,,92,33,59,,
1,Includes government-owned stocks and stock holding organisation stocks held for emergency purposes.,,,,,,,,,,
2,Days of forward demand calculated using actual demand except in 2Q2018 (when latest forecasts are used).,,,,,,,,,,
10,,,,,,,,,13 SEPTEMBER 2018 ,,
INTERNATIONAL ENERGY AGENCY - OIL MARKET REPORT ,,,,,,,,,,,TABLES ,
,,,,,Table 6,,,,,,,
,,,,,,,,,,1,,
,IEA MEMBER COUNTRY DESTINATIONS OF SELECTED CRUDE STREAMS,,,,,,,,,,,
Table,6: IEA Member Country Destinations of Selected Crude Streams ,,,,,,,,,,,
,,,,(million barrels per day),,,,,,,,
,,,,,,,,,,,Year Earlier,
,2015,2016,2017,3Q17,4Q17,1Q18,2Q18,Apr 18,May 18,Jun 18,Jun 17,change
Saudi Light & Extra Light,,,,,,,,,,,,
Americas,0.63,0.69,0.59,0.44,0.47,0.54,0.79,0.76,0.66,0.95,0.71,0.24
Europe,0.78,0.79,0.69,0.64,0.68,0.58,0.7,0.56,0.73,0.8,0.74,0.06
Asia Oceania,1.25,1.4,1.56,1.56,1.53,1.5,1.42,1.52,1.35,1.4,1.27,0.13
Saudi Medium,,,,,,,,,,,,
Americas,0.37,0.44,0.33,0.28,0.27,0.2,0.28,0.28,0.29,0.26,0.31,-0.05
Europe,0.03,0.01,0.01,0.01,0.02,0.02,0.01,-,0.02,-,-,-
Asia Oceania,0.44,0.41,0.37,0.41,0.41,0.4,0.42,0.41,0.44,0.42,0.35,0.07
Canada Heavy,,,,,,,,,,,,
Americas,1.9,2.04,2.23,2.21,2.17,2.33,2.48,2.45,2.4,2.61,2.28,0.32
Europe,0.01,0.01,0.02,0.03,0.04,0.03,0.04,0.08,0.02,0.02,-,-
Asia Oceania,-,-,-,-,-,0,0,-,0.01,-,-,-
Iraqi Basrah Light2,,,,,,,,,,,,
Americas,0.17,0.42,0.63,0.55,0.75,0.66,0.63,0.88,0.61,0.39,0.63,-0.24
Europe,0.72,0.81,0.76,0.76,0.7,0.65,0.61,0.52,0.63,0.67,0.87,-0.20
Asia Oceania,0.41,0.46,0.4,0.41,0.39,0.42,0.48,0.36,0.53,0.53,0.46,0.07
Kuwait Blend,,,,,,,,,,,,
Americas,0.13,0.14,0.11,0.04,0.03,0.03,0.04,-,-,0.11,0.3,-0.19
Europe,0.13,0.19,0.2,0.25,0.14,0.13,0.08,0.06,0.07,0.1,0.22,-0.12
Asia Oceania,0.65,0.66,0.68,0.67,0.67,0.68,0.66,0.78,0.62,0.58,0.61,-0.03
Iranian Light,,,,,,,,,,,,
Americas,-,-,-,-,-,-,-,-,-,-,-,-
Europe,0.09,0.21,0.27,0.25,0.2,0.24,0.26,0.19,0.32,0.26,0.21,0.04
Asia Oceania,0.01,0.01,0.01,0.02,0.01,0.02,0.01,-,0.01,0.01,0.01,0
Iranian Heavy3,,,,,,,,,,,,
Americas,-,-,-,-,-,-,-,-,-,-,-,-
Europe,0.02,0.21,0.52,0.59,0.54,0.42,0.44,0.52,0.43,0.39,0.71,-0.32
Asia Oceania,0.27,0.52,0.57,0.57,0.54,0.49,0.36,0.36,0.4,0.32,0.44,-0.11
BFOE,,,,,,,,,,,,
Americas,0.01,0.02,0.02,0.02,0.01,-,0,0.01,-,-,0,-
Europe,0.49,0.44,0.45,0.49,0.52,0.47,0.25,0.21,0.21,0.33,0.47,-0.14
Asia Oceania,0.06,0.05,0.1,0.09,0.14,0.09,0.09,-,0.2,0.07,0.14,-0.07
Kazakhstan,,,,,,,,,,,,
Americas,0,0.01,-,-,-,-,-,-,-,-,-,-
Europe,0.64,0.7,0.75,0.74,0.72,0.83,0.73,0.83,0.68,0.68,0.76,-0.08
Asia Oceania,0.06,0.03,0.1,0.15,0.13,0.13,0.19,0.14,0.24,0.18,0.07,0.11
Venezuelan 22 API and heavier,,,,,,,,,,,,
Americas,0.67,0.63,0.48,0.41,0.39,0.4,0.47,0.48,0.47,0.46,0.61,-0.15
Europe,0.09,0.05,0.04,0.05,0.03,0.02,0.02,0.02,0.01,0.03,0.05,-0.02
Asia Oceania,-,-,-,-,-,-,-,-,-,-,-,-
Mexican Maya,,,,,,,,,,,,
Americas,0.5,0.53,0.58,0.5,0.67,0.64,0.63,0.54,0.54,0.81,0.68,0.13
Europe,0.15,0.17,0.2,0.17,0.26,0.27,0.22,0.25,0.28,0.14,0.12,0.02
Asia Oceania,0.01,0.05,0.07,0.07,0.1,0.06,0.1,0.09,0.1,0.09,0.06,0.04
Russian Urals,,,,,,,,,,,,
Americas,-,-,0.01,0.02,0.01,-,-,-,-,-,-,-
Europe,1.61,1.72,1.64,1.68,1.67,1.32,1.43,1.47,1.51,1.3,1.65,-0.34
Asia Oceania,-,-,0.01,0.02,-,-,0.01,0.03,-,-,0.02,-
Cabinda and Other Angola,,,,,,,,,,,,
North America,0.11,0.16,0.07,0.17,0.07,-,0.1,0.16,-,0.15,-,-
Europe,0.42,0.27,0.11,0.17,0.1,0.14,0.11,0.19,0.1,0.06,0.1,-0.04
Pacific,0.02,0.01,0.01,0.03,-,-,0,-,-,0.01,-,-
Nigerian Light4,,,,,,,,,,,,
Americas,0.02,0.07,0.04,0.05,0.06,0.03,0.01,-,0.03,-,-,-
Europe,0.57,0.39,0.39,0.38,0.38,0.47,0.48,0.59,0.49,0.37,0.41,-0.03
Asia Oceania,-,0.01,0.02,0.03,0.01,0.02,0.03,0.01,0.05,0.02,0.03,-0.01
Libya Light and Medium,,,,,,,,,,,,
Americas,-,-,0.02,0.03,0.03,-,-,-,-,-,-,-
Europe,0.22,0.2,0.54,0.67,0.7,0.65,0.64,0.72,0.58,0.62,0.43,0.18
Asia Oceania,0.01,0.02,0.03,0.01,0.03,0.02,0.01,0.02,0.03,-,0.04,-
1,"Data based on monthly submissions from IEA countries to the crude oil import register (in '000 bbl), subject to availability. May differ from Table 8 of the Report. IEA Americas includes United States",,,,,,,,,,,
,"and Canada. IEA Europe includes all countries in OECD Europe except Estonia, Hungary, Slovenia and Latvia. IEA Asia Oceania includes Australia, New Zealand, Korea and Japan.",,,,,,,,,,,
2,Iraqi Total minus Kirkuk.,,,,,,,,,,,
3,Iranian Total minus Iranian Light.,,,,,,,,,,,
4,"33Â° API and lighter (e.g., Bonny Light, Escravos, Qua Iboe and Oso Condensate).",,,,,,,,,,,
13 SEPTEMBER 2018 ,,,,,,,,,,,,11
TABLES ,,,,,,,INTERNATIONAL ENERGY AGENCY - OIL MARKET REPORT ,,,,,
,,,,,Table 7,,,,,,,
,,,,,,,"1,2",,,,,
,,,,REGIONAL OECD IMPORTS,,,,,,,,
Table,7: Regional OECD Imports ,,,,,,,,,,,
,,,,,(thousand barrels per day),,,,,,,
,,,,,,,,,,,Year Earlier,
,2015,2016,2017,3Q17,4Q17,1Q18,2Q18,Apr 18,May 18,Jun 18,Jun 17,% change
Crude Oil,,,,,,,,,,,,
Americas,4026,4542,4361,4289,3941,3827,4079,4387,3826,4031,4725,-15%
Europe,9505,9253,9711,9779,9935,9502,9433,9285,9665,9341,9770,-4%
Asia Oceania,6573,6659,6842,6937,6942,6849,6591,6850,6590,6332,5950,6%
Total OECD,20103,20455,20914,21005,20818,20178,20103,20522,20082,19704,20445,-4%
LPG,,,,,,,,,,,,
Americas,10,20,20,15,25,33,14,19,10,12,11,7%
Europe,418,445,437,421,400,492,465,440,467,488,424,15%
Asia Oceania,518,567,549,468,538,595,566,678,446,578,585,-1%
Total OECD,947,1032,1006,904,963,1120,1044,1137,923,1077,1020,6%
Naphtha,,,,,,,,,,,,
Americas,14,10,19,18,20,10,5,6,5,3,14,-80%
Europe,345,348,369,363,389,409,368,332,449,320,362,-11%
Asia Oceania,950,908,981,971,991,1031,958,937,1051,883,986,-10%
Total OECD,1309,1266,1369,1353,1399,1450,1331,1276,1505,1206,1362,-11%
Gasoline3,,,,,,,,,,,,
Americas,670,735,727,880,560,559,1045,1008,1087,1038,873,19%
Europe,105,100,162,130,224,155,78,62,31,142,194,-27%
Asia Oceania,91,87,103,96,94,123,123,106,156,105,104,1%
Total OECD,866,922,991,1106,879,838,1245,1176,1274,1285,1171,10%
Jet & Kerosene,,,,,,,,,,,,
Americas,141,169,171,181,210,131,134,81,151,171,121,41%
Europe,445,504,506,552,535,426,552,542,561,553,485,14%
Asia Oceania,66,73,77,45,87,112,60,63,77,38,52,-26%
Total OECD,651,745,754,779,832,669,746,686,789,763,658,16%
Gasoil/Diesel,,,,,,,,,,,,
Americas,76,67,77,48,144,179,63,79,79,31,43,-27%
Europe,1161,1340,1381,1394,1360,1403,1406,1302,1426,1489,1426,4%
Asia Oceania,158,196,195,189,179,214,254,266,285,208,193,8%
Total OECD,1395,1602,1654,1631,1684,1795,1722,1647,1790,1728,1662,4%
Heavy Fuel Oil,,,,,,,,,,,,
Americas,116,149,131,153,128,158,161,138,200,143,133,7%
Europe,537,477,240,299,174,239,227,224,195,262,217,21%
Asia Oceania,173,153,146,106,153,192,157,150,167,154,167,-8%
Total OECD,826,779,517,559,456,589,544,511,562,558,517,8%
Other Products,,,,,,,,,,,,
Americas,675,652,717,722,745,722,657,649,666,657,785,-16%
Europe,701,774,1009,829,979,1058,982,983,852,1115,1178,-5%
Asia Oceania,345,348,255,238,248,277,250,268,219,265,236,12%
Total OECD,1721,1774,1981,1788,1972,2057,1889,1900,1737,2036,2199,-7%
Total Products,,,,,,,,,,,,
Americas,1702,1802,1862,2018,1832,1793,2079,1979,2199,2054,1980,4%
Europe,3712,3988,4104,3988,4062,4182,4077,3884,3981,4368,4285,2%
Asia Oceania,2301,2331,2306,2112,2292,2543,2367,2469,2401,2231,2324,-4%
Total OECD,7715,8121,8272,8118,8185,8517,8523,8332,8581,8653,8589,1%
Total Oil,,,,,,,,,,,,
Americas,5728,6344,6223,6307,5773,5620,6157,6366,6025,6085,6705,-9%
Europe,13216,13241,13815,13767,13996,13684,13510,13169,13646,13709,14055,-2%
Asia Oceania,8874,8991,9147,9049,9234,9392,8958,9319,8991,8563,8274,3%
Total OECD,27818,28575,29186,29123,29003,28695,28625,28854,28663,28358,29034,-2%
1,Based on Monthly Oil Questionnaire data submitted by OECD countries in tonnes and converted to barrels.,,,,,,,,,,,
2,Excludes intra-regional trade.,,,,,,,,,,,
3,Includes additives.,,,,,,,,,,,
12,,,,,,,,,,,13 SEPTEMBER 2018 ,
INTERNATIONAL ENERGY AGENCY - OIL MARKET REPORT ,,,,,,,,,,,,TABLES 
,,,,,Table 7a,,,,,,,
,,,,,,,,,"1,2",,,
,,REGIONAL OECD IMPORTS FROM NON-OECD COUNTRIES,,,,,,,,,,
Table,7a: Regional OECD Imports From Non- OECD Countries ,,,,(thousand barrels per day),,,,,,,
,,,,,,,,,,,Year Earlier,
,2015,2016,2017,3Q17,4Q17,1Q18,2Q18,Apr 18,May 18,Jun 18,Jun 17,% change
Crude Oil,,,,,,,,,,,,
Americas,3970,4428,4235,4134,3842,3705,3925,4157,3732,3894,4513,-14%
Europe,9173,8867,9248,9406,9218,8731,8599,8413,8827,8548,9397,-9%
Asia Oceania,6410,6429,6546,6669,6478,6526,6241,6646,6129,5952,5653,5%
Total OECD,19554,19725,20028,20209,19538,18963,18765,19216,18688,18394,19562,-6%
LPG,,,,,,,,,,,,
Americas,10,16,16,15,19,20,11,17,9,8,7,11%
Europe,343,332,342,345,341,383,345,335,348,353,321,10%
Asia Oceania,415,342,204,192,192,215,175,213,149,162,293,-45%
Total OECD,768,690,561,552,552,619,531,565,506,522,621,-16%
Naphtha,,,,,,,,,,,,
Americas,5,5,16,16,17,7,1,3,0,0,12,-100%
Europe,318,330,350,345,365,385,351,320,432,298,350,-15%
Asia Oceania,854,856,934,949,933,898,883,866,927,854,895,-5%
Total OECD,1177,1190,1300,1311,1315,1290,1234,1188,1359,1152,1257,-8%
Gasoline3,,,,,,,,,,,,
Americas,213,279,245,329,222,201,375,411,367,349,279,25%
Europe,101,98,157,124,223,150,74,58,28,138,182,-24%
Asia Oceania,90,86,103,96,94,97,80,81,100,57,104,-46%
Total OECD,405,463,504,550,539,448,529,550,495,543,565,-4%
Jet & Kerosene,,,,,,,,,,,,
Americas,53,72,67,74,106,78,59,51,52,76,40,91%
Europe,383,411,438,484,468,395,506,500,499,519,429,21%
Asia Oceania,66,73,77,45,87,112,60,63,77,38,52,-26%
Total OECD,501,555,582,603,662,586,625,614,628,634,520,22%
Gasoil/Diesel,,,,,,,,,,,,
Americas,50,38,50,27,99,151,28,16,44,25,26,-3%
Europe,842,1025,1131,1092,1175,1270,1248,1214,1273,1256,1146,10%
Asia Oceania,158,194,194,186,179,214,254,266,285,208,193,8%
Total OECD,1050,1257,1375,1305,1454,1634,1530,1496,1601,1489,1365,9%
Heavy Fuel Oil,,,,,,,,,,,,
Americas,100,130,123,142,125,150,134,114,153,133,117,14%
Europe,511,453,225,283,158,232,221,224,187,255,212,20%
Asia Oceania,173,152,146,106,152,192,157,150,167,154,167,-8%
Total OECD,784,734,494,531,435,574,512,488,506,542,497,9%
Other Products,,,,,,,,,,,,
Americas,502,526,542,515,559,556,510,473,547,509,629,-19%
Europe,500,508,729,552,709,710,704,721,549,847,875,-3%
Asia Oceania,257,267,178,156,166,197,173,185,166,169,172,-1%
Total OECD,1259,1301,1449,1223,1434,1462,1388,1380,1262,1526,1676,-9%
Total Products,,,,,,,,,,,,
Americas,934,1065,1058,1118,1146,1163,1119,1085,1170,1101,1110,-1%
Europe,2998,3155,3371,3226,3440,3524,3449,3371,3315,3665,3515,4%
Asia Oceania,2013,1970,1835,1730,1804,1925,1781,1825,1872,1643,1877,-12%
Total OECD,5944,6191,6265,6074,6390,6612,6349,6281,6358,6408,6502,-1%
Total Oil,,,,,,,,,,,,
Americas,4904,5494,5293,5252,4988,4868,5044,5242,4902,4994,5622,-11%
Europe,12171,12022,12619,12631,12658,12256,12048,11784,12143,12213,12912,-5%
Asia Oceania,8423,8399,8381,8400,8282,8451,8022,8471,8002,7595,7530,1%
Total OECD,25498,25915,26293,26283,25928,25575,25114,25497,25046,24802,26064,-5%
1,Based on Monthly Oil Questionnaire data submitted by OECD countries in tonnes and converted to barrels.,,,,,,,,,,,
2,Excludes intra-regional trade,,,,,,,,,,,
3,Includes additives,,,,,,,,,,,
13 SEPTEMBER 2018 ,,,,,,,,,,,,13
TABLES ,,,,,,,INTERNATIONAL ENERGY AGENCY - OIL MARKET REPORT ,,,,,
,,,,,Table 7b,,,,,,,
,,,,,,,"1,2",,,,,
,,,INTER-REGIONAL OECD TRANSFERS,,,,,,,,,
Table,7b: Inter-Regional OECD Transfers ,,,,,,,,,,,
,,,,(thousand barrels per day),,,,,,,,
,,,,,,,,,,,Year Earlier,
,2015,2016,2017,3Q17,4Q17,1Q18,2Q18,Apr 18,May 18,Jun 18,Jun 17,% change
Crude Oil,,,,,,,,,,,,
Americas,56,114,126,155,99,122,153,230,94,138,213,-35%
Europe,332,386,464,373,717,771,834,872,838,793,373,113%
Asia Oceania,162,230,296,267,464,323,350,204,461,380,297,28%
Total OECD,550,730,886,796,1280,1215,1337,1306,1393,1311,883,48%
LPG,,,,,,,,,,,,
Americas,0,4,4,0,7,13,2,2,2,4,4,0%
Europe,75,112,95,76,59,109,120,105,119,135,103,31%
Asia Oceania,103,225,346,276,346,379,391,465,296,416,292,42%
Total OECD,178,342,445,352,411,501,513,571,418,555,399,39%
Naphtha,,,,,,,,,,,,
Americas,9,5,3,2,3,3,4,4,5,3,2,67%
Europe,27,19,19,18,23,24,18,13,18,22,12,87%
Asia Oceania,96,52,47,21,58,133,75,72,123,29,91,-68%
Total OECD,132,77,69,42,85,160,97,88,146,54,104,-48%
Gasoline3,,,,,,,,,,,,
Americas,457,457,482,551,338,359,670,597,720,689,594,16%
Europe,4,2,5,5,1,6,4,4,3,4,12,-66%
Asia Oceania,1,0,0,0,0,26,43,25,56,48,0,na
Total OECD,461,459,487,556,339,390,716,626,779,742,606,22%
Jet & Kerosene,,,,,,,,,,,,
Americas,88,97,104,107,103,52,75,30,99,95,82,17%
Europe,62,93,68,69,67,31,46,42,62,34,56,-39%
Asia Oceania,0,0,0,0,0,0,0,0,0,0,0,na
Total OECD,150,190,172,176,170,83,121,72,161,129,138,-6%
Gasoil/Diesel,,,,,,,,,,,,
Americas,26,28,28,21,45,28,35,63,35,6,17,-64%
Europe,319,315,250,301,185,133,158,88,153,233,280,-17%
Asia Oceania,0,2,1,3,0,0,0,0,0,0,0,na
Total OECD,345,345,279,326,230,161,193,150,188,239,297,-19%
Heavy Fuel Oil,,,,,,,,,,,,
Americas,16,19,8,11,4,8,27,23,48,9,16,-42%
Europe,26,25,15,16,17,7,5,0,9,7,4,74%
Asia Oceania,1,1,0,0,1,0,0,0,0,0,0,na
Total OECD,42,45,23,27,21,15,32,23,56,16,20,-18%
Other Products,,,,,,,,,,,,
Americas,173,126,174,207,186,167,147,175,120,147,157,-6%
Europe,201,266,280,277,270,349,278,262,303,267,303,-12%
Asia Oceania,88,81,77,81,82,80,77,83,53,95,64,49%
Total OECD,462,473,532,566,538,596,501,520,476,509,523,-3%
Total Products,,,,,,,,,,,,
Americas,768,736,804,900,686,630,960,894,1029,954,871,10%
Europe,714,833,733,763,622,657,628,513,666,703,770,-9%
Asia Oceania,289,361,471,382,487,618,586,644,529,588,447,32%
Total OECD,1771,1930,2007,2044,1795,1905,2174,2051,2224,2245,2088,8%
Total Oil,,,,,,,,,,,,
Americas,824,850,930,1055,784,752,1113,1124,1124,1091,1083,1%
Europe,1045,1219,1197,1136,1338,1428,1462,1385,1504,1496,1143,31%
Asia Oceania,451,591,766,649,952,940,936,848,990,968,744,30%
Total OECD,2320,2660,2893,2840,3074,3120,3511,3358,3617,3556,2970,20%
1,Based on Monthly Oil Questionnaire data submitted by OECD countries in tonnes and converted to barrels.,,,,,,,,,,,
2,Excludes intra-regional trade,,,,,,,,,,,
3,Includes additives,,,,,,,,,,,
14,,,,,,,,,,13 SEPTEMBER 2018 ,,
INTERNATIONAL ENERGY AGENCY - OIL MARKET REPORT ,,,,,,,,,,,,TABLES 
,,,,Table 8,,,,,,,,
,,,,,,,,1,,,,
,REGIONAL OECD CRUDE IMPORTS BY SOURCE,,,,,,,,,,,
Table,8: Regional OECD Crude Imports by Source ,,(thousand barrels per day),,,,,,,,,
,,,,,,,,,,,Year Earlier,
,2015,2016,2017,3Q17,4Q17,1Q18,2Q18,Apr 18,May 18,Jun 18,Jun 17,change
OECD Americas,,,,,,,,,,,,
Venezuela,864,741,618,585,484,444,534,561,490,552,616,-64
Other Central & South America,1026,1023,928,982,832,897,841,808,891,823,935,-112
North Sea,45,109,124,155,99,119,151,230,87,138,191,-53
Other OECD Europe,1,1,-,-,-,2,2,-,7,-,-,-
Non-OECD Europe,6,7,-,-,-,-,-,-,-,-,-,-
Former Soviet Union,44,75,121,183,76,91,179,30,265,238,189,49
Saudi Arabia,1127,1185,1043,831,784,797,1008,1088,966,973,1115,-142
Kuwait,210,209,144,140,102,133,82,107,48,92,162,-70
Iran,-,-,-,-,-,-,-,-,-,-,-,-
Iraq,222,418,605,577,642,677,613,830,588,421,570,-148
Oman,-,30,14,11,43,-,-,-,-,-,-,-
United Arab Emirates,2,11,20,31,28,-,11,-,-,35,14,21
Other Middle East,-,-,2,8,-,-,-,-,-,-,-,-
West Africa2,265,451,497,558,589,383,433,477,331,495,515,-21
Other Africa,138,223,214,186,209,218,172,211,109,199,374,-175
Asia,55,46,26,41,53,53,52,46,45,66,22,44
Other,20,13,4,-,-,12,-,-,-,-,22,-
Total,4026,4542,4361,4289,3941,3827,4079,4387,3826,4031,4725,-694
of which Non-OECD,3970,4428,4235,4134,3842,3705,3925,4157,3732,3894,4513,-619
OECD Europe,,,,,,,,,,,,
Canada,29,32,45,35,61,119,91,90,73,110,23,87
Mexico + USA,303,354,419,339,656,651,744,782,765,683,350,333
Venezuela,111,74,67,77,37,43,39,44,29,44,71,-27
Other Central & South America,177,170,160,202,118,133,110,67,164,97,181,-84
Non-OECD Europe,11,11,9,9,10,13,14,14,16,10,10,0
Former Soviet Union,4058,4248,4259,4280,4230,4045,4013,3911,4071,4054,4050,4
Saudi Arabia,930,855,738,678,755,688,740,588,809,821,824,-4
Kuwait,103,194,201,238,145,130,81,134,73,36,203,-167
Iran,113,436,801,853,785,655,715,719,706,720,906,-186
Iraq,1003,1000,995,1006,888,813,735,702,688,817,1114,-297
Oman,-,-,-,-,-,-,-,-,-,-,-,-
United Arab Emirates,15,12,6,-,-,-,-,-,-,-,-,-
Other Middle East,6,12,1,5,-,-,-,-,-,-,-,-
West Africa2,1651,1095,960,1083,979,1056,1034,1147,1071,885,940,-55
Other Africa,1008,738,1045,1132,1207,1157,1114,1022,1173,1145,1041,104
Asia,-,-,-,-,-,-,-,-,-,-,-,-
Other,-13,21,5,-159,64,-2,4,63,28,-80,58,-138
Total,9505,9253,9711,9779,9935,9502,9433,9285,9665,9341,9770,-429
of which Non-OECD,9173,8867,9248,9406,9218,8731,8599,8413,8827,8548,9397,-849
OECD Asia Oceania,,,,,,,,,,,,
Canada,-,-,-,-,-,3,3,-,10,-,-,-
Mexico + USA,93,179,199,175,315,221,247,204,252,285,156,129
Venezuela,8,3,8,-,-,-,-,-,-,-,-,-
Other Central & South America,71,27,35,44,26,38,25,21,19,34,-,-
North Sea,69,51,97,93,149,98,99,-,199,95,141,-46
Other OECD Europe,-,-,-,-,-,-,-,-,-,-,-,-
Non-OECD Europe,-,-,-,-,-,-,-,-,-,-,-,-
Former Soviet Union,506,341,413,437,394,412,424,462,450,361,521,-161
Saudi Arabia,1962,2078,2163,2208,2117,2148,1994,2103,1887,1995,1837,158
Kuwait,641,661,671,671,644,668,654,785,602,579,606,-27
Iran,217,469,543,567,528,484,362,365,390,332,411,-80
Iraq,401,456,402,408,390,423,477,360,535,533,462,72
Oman,28,86,41,70,22,39,72,74,92,51,16,34
United Arab Emirates,1194,1154,1147,1134,1214,1123,989,1150,928,890,1044,-153
Other Middle East,573,475,391,399,399,483,399,341,483,371,344,27
West Africa2,82,74,66,83,85,56,148,135,106,203,20,183
Other Africa,57,62,92,81,114,127,73,105,73,41,52,-12
Non-OECD Asia,423,340,324,333,322,341,323,345,351,271,314,-43
Other,247,205,250,233,222,183,301,399,216,291,25,266
Total,6573,6659,6842,6937,6942,6849,6591,6850,6590,6332,5950,383
of which Non-OECD,6410,6429,6546,6669,6478,6526,6241,6646,6129,5952,5653,299
Total OECD Trade,20103,20455,20914,21005,20818,20178,20103,20522,20082,19704,20445,-740
of which Non-OECD,19554,19725,20028,20209,19538,18963,18765,19216,18688,18394,19562,-1168
"1 Based on Monthly Oil Questionnaire data submitted by OECD countries in tonnes, and converted to barrels at 7.37 barrels per tonne.",,,,,,,Data will differ from Table 6,,,,,
which is based on submissions in barrels.,,,,,,,,,,,,
"2 West Africa includes Angola, Nigeria, Gabon, Equatorial Guniea, Congo and Democratic Republic of Congo.",,,,,,,,,,,,
13 SEPTEMBER 2018 ,,,,,,,,,,,,15
TABLES ,,,,,,,INTERNATIONAL ENERGY AGENCY - OIL MARKET REPORT ,,,,,
,,,,Table 9,,,,,,,,
,,,,,,,,1,,,,
,REGIONAL OECD GASOLINE IMPORTS BY SOURCE,,,,,,,,,,,
Table,9: Regional OECD Gasoline Imports by Source ,,,,,,,,,,,
,,,(thousand barrels per day),,,,,,,,,
,,,,,,,,,,,Year Earlier,
,2015,2016,2017,3Q17,4Q17,1Q18,2Q18,Apr 18,May 18,Jun 18,Jun 17,change
OECD Americas,,,,,,,,,,,,
Venezuela,22,15,18,18,23,25,20,14,16,32,13,18
Other Central & South America,37,69,42,45,45,62,54,92,38,34,37,-3
ARA (Belgium Germany Netherlands),145,155,178,192,117,143,229,198,238,251,201,50
Other Europe,303,296,294,355,218,209,402,349,438,418,384,35
FSU,63,90,84,93,80,73,107,117,101,102,94,8
Saudi Arabia,0,-,1,3,-,-,-,-,-,-,-,-
Algeria,-,1,-,-,-,-,4,-,13,-,-,-
Other Middle East & Africa,29,32,24,43,22,19,23,35,29,4,16,-12
Singapore,6,6,10,11,27,-,14,16,16,10,10,1
OECD Asia Oceania,9,6,10,4,3,6,38,50,44,20,9,11
Non-OECD Asia (excl. Singapore),57,64,63,111,24,21,153,138,153,167,109,58
Other,0,3,3,6,1,1,-,-,-,-,-,-
Total2,670,736,727,880,560,559,1045,1008,1087,1038,873,166
of which Non-OECD,213,279,245,329,222,201,375,411,367,349,279,70
OECD Europe,,,,,,,,,,,,
OECD Americas,3,1,4,4,1,3,2,-,3,4,12,-9
Venezuela,0,0,-,-,-,-,-,-,-,-,-,-
Other Central & South America,4,1,3,2,3,2,2,2,2,2,2,0
Non-OECD Europe,18,15,15,20,17,12,11,16,4,14,18,-4
FSU,68,82,87,90,110,120,83,67,103,79,60,19
Saudi Arabia,1,0,0,0,-,-,3,-,-,10,-,-
Algeria,1,1,1,0,1,7,0,-,1,-,-,-
Other Middle East & Africa,5,2,5,2,9,5,2,1,3,2,3,-1
Singapore,0,1,2,3,2,3,2,-,4,2,3,0
OECD Asia Oceania,0,1,1,1,0,3,1,4,-,0,-,-
Non-OECD Asia (excl. Singapore),0,1,3,-,6,4,0,-,1,-,16,-
Other,11,-3,41,7,75,-2,-21,-23,-68,29,80,-52
Total2,111,103,162,130,224,156,87,67,53,142,194,-52
of which Non-OECD,101,98,157,124,223,150,74,58,28,138,182,-44
OECD Asia Oceania,,,,,,,,,,,,
OECD Americas,1,0,-,-,-,4,6,-,-,17,-,-
Venezuela,-,-,-,-,-,-,-,-,-,-,-,-
Other Central & South America,-,-,0,-,2,-,-,-,-,-,-,-
ARA (Belgium Germany Netherlands),-,-,-,-,-,14,17,13,16,23,-,-
Other Europe,-,-,-,-,-,8,20,12,40,8,-,-
FSU,-,-,-,-,-,-,6,18,-,-,-,-
Saudi Arabia,0,0,0,0,0,-,-,-,-,-,1,-
Algeria,-,-,-,-,-,-,-,-,-,-,-,-
Other Middle East & Africa,0,-,5,14,-,-,-,-,-,-,-,-
Singapore,48,44,52,38,38,58,48,44,65,35,41,-6
Non-OECD Asia (excl. Singapore),30,27,30,28,39,23,14,15,20,6,47,-41
Other,11,16,16,16,16,16,16,16,15,16,16,0
Total2,91,87,103,96,94,123,127,118,156,105,104,1
of which Non-OECD,90,86,103,96,94,97,80,81,100,57,104,-48
Total OECD Trade2,872,926,991,1106,879,838,1258,1193,1296,1285,1171,114
of which Non-OECD,405,463,504,550,539,448,529,550,495,543,565,-21
1 Based on Monthly Oil Questionnaire data submitted by OECD countries in tonnes.,,,,,,,,,,,,
2 Total figure excludes intra-regional trade.,,,,,,,,,,,,
16,,,,,,,,,,13 SEPTEMBER 2018 ,,
INTERNATIONAL ENERGY AGENCY - OIL MARKET REPORT ,,,,,,,,,,,TABLES ,
,,,,Table 10,,,,,,,,
,,,,,,,,1,,,,
,REGIONAL OECD GASOIL/DIESEL IMPORTS BY SOURCE,,,,,,,,,,,
Table,10: Regional OECD Gasoil/Diesel Imports by Source ,,,,,,,,,,,
,,,(thousand barrels per day),,,,,,,,,
,,,,,,,,,,,Year Earlier,
,2015,2016,2017,3Q17,4Q17,1Q18,2Q18,Apr 18,May 18,Jun 18,Jun 17,change
OECD Americas,,,,,,,,,,,,
Venezuela,1,0,2,1,5,1,-,-,-,-,5,-
Other Central and South America,4,10,13,10,25,34,15,16,8,20,3,17
ARA (Belgium Germany Netherlands),8,3,7,5,14,14,5,3,12,0,-,-
Other Europe,4,7,3,2,6,4,9,16,12,-,3,-
FSU,33,15,6,2,11,22,6,-,17,-,-,-
Saudi Arabia,3,1,2,-,8,25,0,-,-,1,-,-
Algeria,-,-,-,-,-,-,-,-,-,-,-,-
Other Middle East and Africa,4,3,4,4,10,19,-,-,-,-,11,-
Singapore,-,1,0,-,-,-,1,-,2,-,-,-
OECD Asia Oceania,15,18,18,14,25,10,20,44,12,6,14,-9
Non-OECD Asia (excl. Singapore),6,9,22,9,40,50,7,-,17,4,6,-3
Other,1,0,0,-,-,-,-,-,-,-,-,-
Total2,77,67,77,48,144,179,63,79,79,31,43,-12
of which Non-OECD,50,38,50,27,99,151,28,16,44,25,26,-1
OECD Europe,,,,,,,,,,,,
OECD Americas,277,276,222,280,165,101,134,61,135,206,244,-38
Venezuela,1,-,-,-,-,-,-,-,-,-,-,-
Other Central and South America,2,3,3,-,-,8,6,1,2,16,-,-
Non-OECD Europe,41,48,48,46,48,40,30,26,21,44,52,-9
FSU,637,643,725,687,660,805,724,778,687,708,841,-133
Saudi Arabia,96,130,160,192,174,231,262,207,322,254,178,76
Algeria,-,1,-,-,-,-,-,-,-,-,-,-
Other Middle East and Africa,57,70,72,70,107,53,77,70,101,58,60,-2
Singapore,3,20,15,21,19,20,17,7,18,27,12,15
OECD Asia Oceania,43,40,28,21,20,32,24,26,18,27,35,-8
Non-OECD Asia (excl. Singapore),122,172,125,83,144,142,136,164,98,145,80,66
Other,-36,-18,21,35,25,4,20,-18,54,23,-12,35
Total2,1241,1385,1420,1435,1362,1435,1430,1324,1456,1508,1491,18
of which Non-OECD,842,1025,1131,1092,1175,1270,1248,1214,1273,1256,1146,109
OECD Asia Oceania,,,,,,,,,,,,
OECD Americas,-,2,1,3,-,-,-,-,-,-,-,-
Venezuela,-,-,-,-,-,-,-,-,-,-,-,-
Other Central and South America,0,-,0,-,0,-,-,-,-,-,-,-
ARA (Belgium Germany Netherlands),-,-,-,-,-,-,-,-,-,-,-,-
Other Europe,-,-,-,-,-,-,-,-,-,-,-,-
FSU,5,5,5,5,5,5,4,5,4,5,4,0
Saudi Arabia,-,1,-,-,-,3,-,-,-,-,-,-
Algeria,-,-,-,-,-,-,-,-,-,-,-,-
Other Middle East and Africa,-,2,1,-,3,-,-,-,-,-,-,-
Singapore,92,86,87,82,78,132,160,218,179,84,88,-4
Non-OECD Asia (excl. Singapore),57,95,96,92,87,68,83,38,97,114,96,18
Other,4,6,6,6,6,6,6,6,6,6,6,0
Total2,158,196,195,189,179,214,254,266,285,208,193,15
of which Non-OECD,158,194,194,186,179,214,254,266,285,208,193,15
Total OECD Trade2,1476,1647,1693,1672,1686,1828,1746,1669,1820,1748,1727,21
of which Non-OECD,1050,1257,1375,1305,1454,1634,1530,1496,1601,1489,1365,124
1 Based on Monthly Oil Questionnaire data submitted by OECD countries in tonnes.,,,,,,,,,,,,
2 Total figure excludes intra-regional trade.,,,,,,,,,,,,
13 SEPTEMBER 2018 ,,,,,,,,,,,,17
TABLES ,,,,,,,INTERNATIONAL ENERGY AGENCY - OIL MARKET REPORT ,,,,,
,,,Table 11,,,,,,,,,
,,,,,,,,,1,,,
,REGIONAL OECD JET AND KEROSENE IMPORTS BY SOURCE,,,,,,,,,,,
Table,11: Regional OECD Jet and Kerosene Imports by Source ,,,,,,,,,,,
,,,(thousand barrels per day),,,,,,,,,
,,,,,,,,,,,Year Earlier,
,2015,2016,2017,3Q17,4Q17,1Q18,2Q18,Apr 18,May 18,Jun 18,Jun 17,change
OECD Americas,,,,,,,,,,,,
Venezuela,19,11,16,15,22,12,11,3,10,20,5,14
Other Central and South America,2,0,1,0,2,-,0,-,1,-,-,-
ARA (Belgium Germany Netherlands),0,0,-,-,-,0,-,-,-,-,-,-
Other Europe,0,-,0,-,0,1,-,-,-,-,-,-
FSU,0,0,1,-,3,-,0,-,0,0,-,-
Saudi Arabia,2,1,2,4,3,4,0,-,-,0,-,-
Algeria,1,-,0,-,0,-,-,-,-,-,-,-
Other Middle East and Africa,1,1,3,4,4,7,1,0,2,-,-,-
Singapore,-,0,2,3,3,1,11,10,3,19,-,-
OECD Asia Oceania,88,97,104,107,103,51,75,30,99,95,82,14
Non-OECD Asia (excl. Singapore),22,55,30,31,48,48,22,22,25,19,18,1
Other,8,3,13,16,21,7,15,15,12,18,17,1
Total2,141,169,171,181,210,131,134,81,151,171,121,50
of which Non-OECD,53,72,67,74,106,78,59,51,52,76,40,36
OECD Europe,,,,,,,,,,,,
OECD Americas,15,38,20,23,10,21,46,42,62,34,18,16
Venezuela,6,6,5,0,15,1,5,2,2,13,8,5
Other Central and South America,2,1,2,2,2,3,1,4,-,-,2,-
Non-OECD Europe,2,4,3,7,2,-,-,-,-,-,7,-
FSU,38,42,32,25,43,36,33,26,45,26,23,3
Saudi Arabia,87,112,94,109,104,64,122,141,122,103,51,53
Algeria,13,14,12,13,11,11,9,17,8,1,15,-14
Other Middle East and Africa,157,178,207,265,203,208,222,186,210,269,194,75
Singapore,6,14,28,19,59,18,14,13,23,7,19,-12
OECD Asia Oceania,46,55,48,46,57,10,-,-,-,-,38,-
Non-OECD Asia (excl. Singapore),53,51,53,32,45,61,73,83,64,72,86,-14
Other,21,-7,1,12,-16,-7,28,28,28,27,24,3
Total2,447,508,506,552,535,426,553,542,565,553,485,68
of which Non-OECD,383,411,438,484,468,395,506,500,499,519,429,90
OECD Asia Oceania,,,,,,,,,,,,
OECD Americas,-,-,-,-,-,-,-,-,-,-,-,-
Venezuela,-,-,-,-,-,-,-,-,-,-,-,-
Other Central and South America,-,-,-,-,-,-,-,-,-,-,-,-
ARA (Belgium Germany Netherlands),-,-,-,-,-,-,-,-,-,-,-,-
Other Europe,-,-,-,-,-,-,-,-,-,-,-,-
FSU,-,-,-,-,-,-,-,-,-,-,-,-
Saudi Arabia,-,-,-,-,-,4,-,-,-,-,-,-
Algeria,-,-,-,-,-,-,-,-,-,-,-,-
Other Middle East and Africa,-,-,1,-,-,-,-,-,-,-,-,-
Singapore,18,24,23,14,24,30,23,20,38,11,15,-3
Non-OECD Asia (excl. Singapore),33,36,34,25,30,33,22,27,24,15,21,-6
Other,14,13,19,6,34,46,14,16,15,12,16,-4
Total2,66,73,77,45,87,112,60,63,77,38,52,-13
of which Non-OECD,66,73,77,45,87,112,60,63,77,38,52,-13
Total OECD Trade2,654,749,754,779,832,669,748,686,793,763,658,105
of which Non-OECD,501,555,582,603,662,586,625,614,628,634,520,113
1 Based on Monthly Oil Questionnaire data submitted by OECD countries in tonnes.,,,,,,,,,,,,
2 Total figure excludes intra-regional trade.,,,,,,,,,,,,
18,,,,,,,,,,13 SEPTEMBER 2018 ,,
INTERNATIONAL ENERGY AGENCY - OIL MARKET REPORT ,,,,,,,,,,,TABLES ,,
,,,Table 12,,,,,,,,,,
,,,,,,,,,1,,,,
Table,12: Regional OECD Residual Fuel Oil Imports by Source ,REGIONAL OECD RESIDUAL FUEL OIL IMPORTS BY SOURCE,,,,,,,,,,,
,,,(thousand barrels per day),,,,,,,,,,
,,,,,,,,,,,Year Earlier,,
,,2015,2016,2017,3Q17,4Q17,1Q18,2Q18,Apr 18,May 18,Jun 18,Jun 17,change
OECD Americas,,,,,,,,,,,,,
Venezuela,,2,17,16,12,7,31,46,57,35,46,13,33
Other Central and South America,,56,49,71,76,78,87,58,44,88,40,51,-10
ARA (Belgium Germany Netherlands),,12,12,5,8,4,4,11,10,24,0,12,-12
Other Europe,,5,7,3,3,-,4,15,13,24,9,4,5
FSU,,29,49,24,32,33,19,28,11,28,46,32,15
Saudi Arabia,,-,0,-,-,-,-,-,-,-,-,-,-
Algeria,,4,4,1,-,-,-,-,-,-,-,-,-
Other Middle East and Africa,,7,10,9,16,6,3,2,2,2,1,15,-14
Singapore,,-,1,3,3,-,-,-,-,-,-,4,-
OECD Asia Oceania,,-,-,-,-,-,-,-,-,-,-,-,-
Non-OECD Asia (excl. Singapore),,1,-,1,2,-,-,-,-,-,-,3,-
Other,,-,0,0,2,-,9,0,0,-,-,-,-
Total2,,116,149,131,153,128,158,161,138,200,143,133,10
of which Non-OECD,,100,130,123,142,125,150,134,114,153,133,117,16
OECD Europe,,,,,,,,,,,,,
OECD Americas,,12,15,6,6,1,-,1,-,2,-,4,-
Venezuela,,-,-,-,-,-,-,-,-,-,-,-,-
Other Central and South America,,20,5,2,-,4,6,5,6,4,4,-,-
Non-OECD Europe,,12,15,17,23,16,17,18,18,14,22,23,-1
FSU,,537,447,193,159,118,184,185,191,200,164,187,-23
Saudi Arabia,,-,-,0,-,-,3,-,-,-,-,-,-
Algeria,,3,3,1,3,-,-,2,-,7,-,-,-
Other Middle East and Africa,,9,16,23,14,35,15,16,2,29,15,33,-18
Singapore,,0,0,-,-,-,-,-,-,-,-,-,-
OECD Asia Oceania,,13,10,9,10,15,7,5,0,6,7,-,-
Non-OECD Asia (excl. Singapore),,-,0,1,-,2,-,-,-,-,-,-,-
Other,,-39,-18,-8,85,-18,8,-2,9,-67,53,-32,84
Total2,,568,495,244,299,175,240,229,227,195,265,217,49
of which Non-OECD,,511,453,225,283,158,232,221,224,187,255,212,42
OECD Asia Oceania,,,,,,,,,,,,,
OECD Americas,,1,-,0,-,1,-,-,-,-,-,-,-
Venezuela,,-,-,-,-,-,-,-,-,-,-,-,-
Other Central and South America,,-,-,-,-,-,-,-,-,-,-,-,-
ARA (Belgium Germany Netherlands),,-,-,-,-,-,-,-,-,-,-,-,-
Other Europe,,-,1,-,-,-,-,-,-,-,-,-,-
FSU,,10,4,9,6,11,10,11,4,6,24,25,-2
Saudi Arabia,,-,-,-,-,-,-,-,-,-,-,-,-
Algeria,,2,-,1,-,-,-,-,-,-,-,-,-
Other Middle East and Africa,,15,5,18,13,29,23,30,11,47,30,30,0
Singapore,,44,73,58,45,56,68,30,20,31,39,82,-43
Non-OECD Asia (excl. Singapore),,98,69,59,42,57,91,86,114,83,61,29,32
Other,,3,1,0,-,-,-,-,-,-,-,1,-
Total2,,173,153,146,106,153,192,157,150,167,154,167,-13
of which Non-OECD,,173,152,146,106,152,192,157,150,167,154,167,-13
Total OECD Trade2,,857,796,521,559,456,590,546,514,562,562,517,45
of which Non-OECD,,784,734,494,531,435,574,512,488,506,542,497,45
1 Based on Monthly Oil Questionnaire data submitted by OECD countries in tonnes.,,,,,,,,,,,,,
2 Total figure excludes intra-regional trade.,,,,,,,,,,,,,
13 SEPTEMBER 2018 ,,,,,,,,,,,,19,
TABLES ,,INTERNATIONAL ENERGY AGENCY - OIL MARKET REPORT 
Table,13: Average IEA CIF Crude Cost and Spot Crude and Production Prices ,
,Table 13 ,
,AVERAGE IEA CIF CRUDE COST AND SPOT CRUDE AND PRODUCT PRICES ,
,Table Unavailable ,
,Available in the subscription version. ,
,"To subscribe, visit: www.iea.org/oilmarketreport/subscription ",
20,,13 SEPTEMBER 2018 
INTERNATIONAL ENERGY AGENCY - OIL MARKET REPORT ,,,,,,,,,,,,TABLES 
,,,,,Table 14,,,,,,,
,MONTHLY AVERAGE END-USER PRICES FOR PETROLEUM PRODUCTS,,,,,,,,,,,
Table,14: Monthly Average End-User Prices for Petroleum Products ,,,,,,,,,,,
,,,,,August 2018,,,,,,,
,,NATIONAL CURRENCY *,,,,,,,US DOLLARS,,,
,Total,% change from,Ex-Tax,,% change from,,Total,% change from,Ex-Tax,,% change from,
,Price,Jul-18,Aug-17,Price,Jul-18,Aug-17,Price,Jul-18,Aug-17,Price,Jul-18,Aug-17
GASOLINE,1 (per litre),,,,,,,,,,,
France,1.546,0.9,15.5,0.597,1.9,30.9,1.786,-0.3,13,0.689,0.7,28
Germany,1.482,1.6,9.2,0.59,3.3,21.6,1.712,0.4,6.8,0.681,2.1,19
Italy,1.629,- 0.1,8.7,0.607,-0.2,21.4,1.881,-1.2,6.3,0.701,-1.3,18.7
Spain,1.327,0.5,11.6,0.636,0.8,21.8,1.533,-0.7,9.1,0.735,-0.4,19.1
United Kingdom,1.286,1,11.1,0.492,2.3,27.8,1.656,-1.2,10.4,0.634,0,27.1
Japan,152,- 0.1,15.8,84.4,-0.1,29.4,1.369,0.3,14.6,0.76,0.3,28.1
Canada,1.341,- 2.0,18.9,0.94,-2.7,27.5,1.028,-1.3,14.9,0.721,-2.0,23.3
United States,0.749,- 0.5,19.1,0.626,-0.6,23.5,0.749,-0.5,19.1,0.626,-0.6,23.5
AUTOMOTIVE DIESEL FOR NON COMMERCIAL USE (per litre),,,,,,,,,,,,
France,1.45,0.2,21,0.598,0.3,32.6,1.675,-1.0,18.3,0.691,-0.8,29.7
Germany,1.289,1.3,13.3,0.613,2.2,26.1,1.489,0.1,10.8,0.708,1,23.3
Italy,1.505,- 0.3,11.2,0.617,-0.5,25.4,1.738,-1.4,8.8,0.713,-1.6,22.6
Spain,1.228,0.2,14.7,0.648,0.5,25.1,1.418,-0.9,12.1,0.748,-0.7,22.3
United Kingdom,1.328,0.9,12.9,0.527,1.9,31.8,1.71,-1.3,12.3,0.679,-0.3,31
Japan,130.7,0.1,18.6,88.8,0.1,27.2,1.177,0.4,17.4,0.8,0.5,25.9
Canada,1.285,- 1.5,22.3,0.972,-1.9,29.8,0.986,-0.8,18.2,0.745,-1.2,25.5
United States,0.85,- 0.5,23.9,0.708,-0.6,29.7,0.85,-0.5,23.9,0.708,-0.6,29.7
DOMESTIC HEATING OIL (per litre),,,,,,,,,,,,
France,0.912,0.4,31.5,0.604,0.5,31.5,1.053,-0.7,28.6,0.697,-0.6,28.6
Germany,0.737,2.1,29.3,0.558,2.4,33.6,0.851,0.9,26.4,0.645,1.2,30.6
Italy,1.287,0.2,14.4,0.652,0.3,25.6,1.487,-1.0,11.8,0.753,-0.9,22.8
Spain,0.783,0.3,27.2,0.556,0.3,32.7,0.904,-0.9,24.4,0.642,-0.9,29.7
United Kingdom,0.616,2,26.2,0.476,2.4,34.4,0.794,-0.3,25.5,0.613,0.2,33.7
Japan,2,,,,,,,,,,,
,91.6,0.1,23.2,82.3,0.1,24,0.825,0.5,21.9,0.741,0.5,22.7
Canada,1.144,- 0.9,23.5,1.029,-1.0,25.3,0.877,-0.2,19.4,0.789,-0.3,21.1
United States,-,-,-,-,-,-,-,-,-,-,-,-
LOW SULPHUR FUEL OIL FOR INDUSTRY,,,3 (per kg),,,,,,,,,
France,0.582,- 1.3,36.3,0.442,-1.7,33.5,0.672,-2.5,33.3,0.51,-2.9,30.5
Germany,-,-,-,-,-,-,-,-,-,-,-,-
Italy,0.462,- 1.4,31.1,0.431,-1.5,34.2,0.534,-2.6,28.2,0.497,-2.7,31.2
Spain,0.448,- 2.6,30.1,0.431,-2.7,31.6,0.517,-3.7,27.2,0.498,-3.8,28.7
United Kingdom,-,-,-,-,-,-,-,-,-,-,-,-
Japan,-,-,-,-,-,-,-,-,-,-,-,-
Canada,-,-,-,-,-,-,-,-,-,-,-,-
United States,-,-,-,-,-,-,-,-,-,-,-,-
1,"Unleaded premium (95 RON) for France, Germany, Italy, Spain, UK; regular unleaded for Canada, Japan and the United States.",,,,,,,,,,,
2,Kerosene for Japan.,,,,,,,,,,,
3,VAT excluded from prices for low sulphur fuel oil when refunded to industry.,,,,,,,,,,,
"* Prices for France, Germany, Italy and Spain are in Euros;",,,"UK in British Pounds, Japan in Yen, Canada in Canadian Dollars.",,,,,,,,,
13 SEPTEMBER 2018 ,,,,,,,,,,,,21
TABLES ,,,,,,INTERNATIONAL ENERGY AGENCY - OIL MARKET REPORT ,,,,,,
,,,,Table 15,,,,,,,,
,,,,,,1,,,,,,
,,IEA/KBC Global Indicator Refining Margins,,,,,,,,,,
Table,15: IEA/KBC Global Indicator Refining Margins ,,,,,,,,,,,
,,,,($/bbl),,,,,,,,
,,Monthly Average,,,,Change,,Average for week ending:,,,,
,May 18,Jun 18,Jul 18,Aug 18,Aug 18-Jul 18,,10 Aug,17 Aug,24 Aug,31 Aug,07 Sep,
NW Europe,,,,,,,,,,,,
,Brent (Cracking),4.65,5.05,5.06,7.39,ïƒ©,2.33,7.99,8.46,7.43,5.74,5.56
,Urals (Cracking),5.77,6.01,6.53,7.67,ïƒ©,1.14,8.68,8.89,7.41,5.41,5.06
,Brent (Hydroskimming),-0.31,0.82,1.02,2.71,ïƒ©,1.69,3.51,3.79,2.56,1,0.57
,Urals (Hydroskimming),0.29,1.21,2.09,2.53,ïƒ©,0.43,3.76,3.79,2.04,0.14,-0.47
Mediterranean,,,,,,,,,,,,
,Es Sider (Cracking),6.85,7.54,7.69,9.89,ïƒ©,2.19,10.78,10.89,9.65,8.35,7.68
,Urals (Cracking),6.44,5.97,6.86,8.67,ïƒ©,1.81,9.7,9.85,8.39,6.74,6.09
,Es Sider (Hydroskimming),2.22,3.69,3.98,5.7,ïƒ©,1.71,6.73,6.7,5.35,3.94,2.98
,Urals (Hydroskimming),0.44,0.85,2.09,3.31,ïƒ©,1.21,4.52,4.54,2.87,1.06,0.08
US Gulf Coast,,,,,,,,,,,,
,50/50 HLS/LLS (Cracking),10.44,8.29,11.34,10.45,ïƒª,-0.89,11.19,10.41,10.02,9.15,7.15
,Mars (Cracking),5.62,4.32,7.24,5.43,ïƒª,-1.81,6.21,5.63,4.8,4.12,2.33
,ASCI (Cracking),5.22,3.98,6.91,5.13,ïƒª,-1.78,5.89,5.22,4.54,3.99,2.15
,50/50 HLS/LLS (Coking),12.46,10.03,12.62,12,ïƒª,-0.63,12.69,11.99,11.63,10.66,8.91
,50/50 Maya/Mars (Coking),11.48,8.25,9.11,10.16,ïƒ©,1.05,10.51,10.62,9.8,9.14,7.17
,ASCI (Coking),10.58,8.44,10.67,10.04,ïƒª,-0.63,10.72,10.27,9.54,8.86,7.2
US Midcon,,,,,,,,,,,,
,WTI (Cracking),17.65,16.53,14.49,16.73,ïƒ©,2.24,17.03,16.76,16.21,16.73,16.84
,30/70 WCS/Bakken (Cracking),18.69,17.46,19.28,22.11,ïƒ©,2.83,21.74,22.23,22.44,21.79,21.04
,Bakken (Cracking),20.46,16.3,17.62,20.27,ïƒ©,2.65,19.38,20.37,21.16,20.54,19.63
,WTI (Coking),19.96,18.58,16.11,18.62,ïƒ©,2.51,18.92,18.65,18.11,18.6,19.03
,30/70 WCS/Bakken (Coking),22.15,20.44,21.87,25.44,ïƒ©,3.57,25.08,25.64,25.75,25.09,24.55
,Bakken (Coking),21.34,17.06,18.15,20.93,ïƒ©,2.78,20.04,21.03,21.83,21.17,20.43
Singapore,,,,,,,,,,,,
,Dubai (Hydroskimming),0.21,-0.28,1.05,1.55,ïƒ©,0.51,1.83,2.16,1.22,0.53,0.37
,Tapis (Hydroskimming),1.11,1.84,2.23,3.99,ïƒ©,1.76,4.72,5.62,3.8,2.27,2.89
,Dubai (Hydrocracking),5.09,3.53,4.25,5.55,ïƒ©,1.3,5.49,6.28,5.45,5.09,5.4
,Tapis (Hydrocracking),4.78,4.66,4.78,7.11,ïƒ©,2.33,7.6,8.86,7.06,5.76,6.78
1,"Global Indicator Refining Margins are calculated for various complexity configurations, each optimised for processing the specific crude(s) in a specific refining centre. Margins include energy cost, but exclude other variable costs,",,,,,,,,,,,
"depreciation and amortisation. Consequently, reported margins should be taken as an indication, or proxy, of changes in profitability for a given refining centre. No attempt is made to model or otherwise comment upon the relative",,,,,,,,,,,,
"economics of specific refineries running individual crude slates and producing custom product sales, nor are these calculations intended to infer the marginal values of crude for pricing purposes.",,,,,,,,,,,,
"Source: IEA, KBC Advanced Technologies (KBC)",,,,,,,,,,,,
22,,,,,,,,,13 SEPTEMBER 2018 ,,,
INTERNATIONAL ENERGY AGENCY - OIL MARKET REPORT ,,,,,,,TABLES ,,
,,,Table 16,,,,,,
,,,,,1,,,,
Table,16: Refined Product Yields Based On Total Input (%) ,REFINED PRODUCT YIELDS BASED ON TOTAL INPUT (%),,,,,,,
,,,,Jun 18 vs,Jun 18 vs,Jun 18 vs,,,
,,,,Previous,Previous,5 Year,5 Year,,
,,Apr-18,May-18,Jun-18,Jun-17,Month,Year,Average,Average
OECD Americas,,,,,,,,,
Naphtha,,1.4,1.3,1.4,1.7,0,-0.3,-0.3,1.7
Motor gasoline,,45.3,44.6,44.3,44.8,-0.3,-0.5,-1.7,46
Jet fuel,,9.6,9.6,9.7,9.1,0.1,0.6,1.1,8.6
Other kerosene,,0.1,0.1,0.1,0.1,0.1,0,0,0.1
Gasoil/diesel oil,,27.6,27.7,28.3,28,0.6,0.3,0.3,28
Residual fuel oil,,4,3.7,3.2,3.4,-0.5,-0.2,-0.6,3.8
Petroleum coke,,4.6,4.6,4.4,4.6,-0.1,-0.2,-0.1,4.6
Other products,,12.5,13,12.9,12.7,-0.1,0.2,-0.2,13.1
OECD Europe,,,,,,,,,
Naphtha,,8.1,7.6,8.2,8.3,0.5,-0.1,0.8,7.4
Motor gasoline,,20.1,20.9,20.6,20,-0.4,0.6,-0.2,20.7
Jet fuel,,8.9,8.9,9.1,8.8,0.2,0.3,0.8,8.3
Other kerosene,,2.5,2.1,1.7,1.9,-0.5,-0.2,-0.2,1.9
Gasoil/diesel oil,,39.7,38.9,38.3,38.7,-0.5,-0.4,-1.5,39.8
Residual fuel oil,,10.3,10.3,9.7,9.6,-0.6,0.1,0.7,9
Petroleum coke,,1.2,1.2,1.2,1.3,0,0,0,1.2
Other products,,14.1,14.8,15.3,15.6,0.5,-0.3,-0.5,15.8
OECD Asia Oceania,,,,,,,,,
Naphtha,,15.9,15.9,15,15.5,-0.9,-0.6,0.8,14.1
Motor gasoline,,21.9,22.4,21.9,21.9,-0.5,0,-0.7,22.6
Jet fuel,,14.3,15.3,14.9,14.8,-0.4,0.1,0.7,14.2
Other kerosene,,2.6,2.4,1.7,2.5,-0.8,-0.8,-0.8,2.5
Gasoil/diesel oil,,29,29.4,30,30.1,0.6,-0.1,-0.3,30.3
Residual fuel oil,,7.8,7.4,7.1,6.9,-0.2,0.2,-0.4,7.5
Petroleum coke,,0.4,0.5,0.5,0.5,0,0,0,0.4
Other products,,12.2,12.5,12.6,11.9,0.2,0.7,0.5,12.2
OECD Total,,,,,,,,,
Naphtha,,6.1,5.9,5.8,6.1,-0.1,-0.3,0.2,5.6
Motor gasoline,,33,33.2,33,33.1,-0.2,-0.1,-1.1,34.1
Jet fuel,,10.2,10.4,10.4,9.9,0,0.5,0.9,9.4
Other kerosene,,1.3,1.1,0.9,1.1,-0.3,-0.2,-0.2,1.1
Gasoil/diesel oil,,31.7,31.6,31.8,31.8,0.2,0,-0.4,32.1
Residual fuel oil,,6.7,6.4,5.9,6,-0.5,0,-0.1,6.1
Petroleum coke,,2.8,2.8,2.7,2.9,0,-0.1,-0.1,2.8
Other products,,13,13.5,13.6,13.5,0.1,0.1,-0.2,13.8
1,"Due to processing gains and losses, yields in % will not always add up to 100%",,,,,,,,
13 SEPTEMBER 2018 ,,,,,,,,23,
TABLES ,,,,,INTERNATIONAL ENERGY AGENCY - OIL MARKET REPORT ,,,,,
,,,Table 17,,,,,,,
Table,17: World Biofuels Production ,WORLD BIOFUELS PRODUCTION,,,,,,,,
,,,(thousand barrels per day),,,,,,,
,,,ETHANOL,,,,,,,
,2016,2017,2018,4Q17,1Q18,2Q18,Jun 18,Jul 18,Aug 18,
OECD Americas1,1026,1062,1076,1088,1080,1074,1098,1074,1074,
,United States,997,1032,1041,1058,1046,1040,1064,1040,1040
,Other,29,30,34,30,34,34,34,34,34
OECD Europe2,78,90,91,91,85,93,99,94,94,
,France,12,14,15,13,12,16,17,16,16
,Germany,15,15,16,15,15,17,17,16,16
,Spain,6,7,6,6,6,7,7,6,6
,United Kingdom,8,13,8,12,5,8,11,9,9
,Other,37,42,46,44,46,45,,,
OECD Asia Oceania3,4,3,5,3,5,5,5,5,5,
,Australia,4,3,4,3,4,4,4,4,4
,Other,0,0,1,0,1,1,1,1,1
Total OECD Ethanol,1108,1155,1171,1182,1170,1172,1202,1172,1172,
Total Non-OECD Ethanol,644,634,727,599,286,862,1118,1191,1173,
,Brazil,492,476,551,445,110,685,942,1015,996
,China,49,71,58,56,58,58,,,
,Argentina,15,15,19,15,19,19,,,
,Other,88,73,99,84,99,99,176,176,176
Total Ethanol,1753,1789,1898,1782,1456,2033,2320,2364,2345,
,,,BIODIESEL,,,,,,,
,2016,2017,2018,4Q17,1Q18,2Q18,Jun 18,Jul 18,Aug 18,
OECD Americas1,109,111,118,122,112,123,131,118,118,
,United States,102,104,111,115,105,116,124,111,111
,Other,7,7,7,7,7,7,7,7,7
OECD Europe2,231,260,226,263,212,233,238,229,229,
,France,44,44,38,45,37,37,42,40,40
,Germany,60,60,51,61,45,54,57,53,53
,Italy,11,14,14,13,14,14,14,14,14
,Spain,26,29,25,29,23,25,26,25,25
,Other,90,113,97,114,93,103,98,97,97
OECD Asia Oceania3,11,12,13,10,8,16,16,14,14,
,Australia,1,1,1,1,1,1,1,1,1
,Other,10,11,12,9,7,15,16,13,13
Total OECD Biodiesel,352,382,356,394,332,372,385,361,361,
Total Non-OECD Biodiesel,280,300,304,301,304,304,304,304,304,
,Brazil,65,74,84,81,79,90,98,99,82
,Argentina*,51,56,51,56,51,51,,,
,Other,164,170,169,165,174,163,,,
Total Biodiesel,632,682,661,695,635,676,688,665,665,
Global Biofuels,2385,2471,2559,2477,2091,2709,3009,3028,3010,
1,"As of August 2012 OMR, OECD Americas includes Chile.",,,,,,,,,
2,"As of August 2012 OMR, OECD Europe includes Estonia and Slovenia.",,,,,,,,,
3,"As of August 2012 OMR, OECD Asia Oceania includes Israel.",,,,,,,,,
*,monthly data not available.,,,,,,,,,
24,,,,,,,,13 SEPTEMBER 2018 ,,
Â©,Â© O, O,E,E,C,C,D,D,/,/,I,I,E,E,A,A 2,2,0,0,1,1,8,8,.,.,,A, A,l,l,l,l R, R,i,i,g,g,h,h,t,t,s,s R, R,e,e,s,s,e,e,r,r,v,v,e,e,d,d,,,
Without,,,,,,,,,,,prejudice,,,,,,,,,,,,,,to,,,,,,the,,,,,,,terms,,,,,,,,,,and,,,,,,,,conditions,on,the,IEA,website,at
,www.iea.org/t&c/termsandconditions/ (the,,,,,,,,,,,,,,,,,,,,,,,,,,,,,,,,,,,,,,,,,,,,,,,,,,,,,,,"Terms), which also apply to this",Oil,,,,
,"Market Report (OMR) and its related publications, the Executive Director and",,,,,,,,,,,,,,,,,,,,,,,,,,,,,,,,,,,,,,,,,,,,,,,,,,,,,,,,,,,,
the,,,,Secretariat,,,,,,,,,,,,,,,of,,,,,,the,,,,,,IEA,,,,,,are,,,,,,responsible,,,,,,,,,,,,,for,the,publication,of,the,OMR.
,"Although some of the data are supplied by IEA Member-country governments,",,,,,,,,,,,,,,,,,,,,,,,,,,,,,,,,,,,,,,,,,,,,,,,,,,,,,,,,,,,,
largely,,,,,,,,on,,,,,,the,,,,basis,,,,,,,,,of,,,,information,,,,,,,,,,,,,,,,,,they,,,,,,,in,turn,receive,from,oil,"companies,"
neither,,,,,,,,these,,,,,,,,,,governments,,,,,,,,,,,,,,,,,,,,,nor,,,,,,these,,,,,,,,,,oil,companies,necessarily,share,the,,
Secretariatâ€™s,,,,,,,,,,,,,,,,views,,,,,,,,,or,,,,,,conclusions,,,,,,,,,,,,,,,,,,as,,,,,,expressed,in,the,OMR.,The,OMR ,is
,prepared for general circulation and is distributed for general information only.,,,,,,,,,,,,,,,,,,,,,,,,,,,,,,,,,,,,,,,,,,,,,,,,,,,,,,,,,,,,
,Neither the information nor any opinion expressed in the,,,,,,,,,,,,,,,,,,,,,,,,,,,,,,,,,,,,,,,,,,,,,,,,,,,,,,,OMR constitutes an,,,,,
"offer,",,,,,,or an invitation to,,,,,,,,,,,,,,,,,,,,,,,,,,,make an,,,,,,,,,,,,,,"offer,",,,,,,,,,to buy,or sell any securities or any,,,,
,"options, futures or other derivatives related to such securities. ",,,,,,,,,,,,,,,,,,,,,,,,,,,,,,,,,,,,,,,,,,,,,,,,,,,,,,,,,,,,
,"As set out in the Terms, the OECD/IEA owns the copyright in this OMR. However,",,,,,,,,,,,,,,,,,,,,,,,,,,,,,,,,,,,,,,,,,,,,,,,,,,,,,,,,,,,,
,in relation to the edition of OMR made available to Subscribers (as defined in,,,,,,,,,,,,,,,,,,,,,,,,,,,,,,,,,,,,,,,,,,,,,,,,,,,,,,,,,,,,
the,,,,"Terms), all Argus information",,,,,,,,,,,,,,,,,,,,,,,,,,,,,,,,,,,,,,,,,is sourced,,,,,,,,,,,as Copyright Â©,2018 Argus Media,,,,
,Limited and is published here with the permission of Argus. The spot crude and,,,,,,,,,,,,,,,,,,,,,,,,,,,,,,,,,,,,,,,,,,,,,,,,,,,,,,,,,,,,
product,,,,,,,,,price,,,,,,,,assessments,,,,,,,,,,,,,,,,,,,are,,,,,,,based,,,,,,,,,,on,,,daily,Argus,"prices,",converted,when,
,appropriate to USD per barrel,,,,,,,,,,,,,,,,,,,,,,,,,,,,,,,,,,,,,,,,,according to the Argus specification of products.,,,,,,,,,,,,,,,,,,,
,Argus Media Limited reserves all rights in relation to all Argus information.,,,,,,,,,,,,,,,,,,,,,,,,,,,,,,,,,,,,,,,,,,,,,,,,,,,,,,, Any,,,,,
reproduction,,,,,,,,,,,,,,,,,of,,,,,,Argus,,,,,,,,,,,information,,,,,,,,,,,,,,,,,,,,requires,,the,express,prior,written,,
,permission of Argus. Argus shall not be liable to any,,,,,,,,,,,,,,,,,,,,,,,,,,,,,,,,,,,,,,,,,,,,,,,,,,,,,,,"party for any inaccuracy,",,,,,
,error or omission contained or provided in Argus information contained in this,,,,,,,,,,,,,,,,,,,,,,,,,,,,,,,,,,,,,,,,,,,,,,,,,,,,,,,,,,,,
,"OMR or for any loss, or damage, whether or not due to reliance placed by that",,,,,,,,,,,,,,,,,,,,,,,,,,,,,,,,,,,,,,,,,,,,,,,,,,,,,,,,,,,,
,party on information in this OMR. ,,,,,,,,,,,,,,,,,,,,,,,,,,,,,,,,,,,,,,,,,,,,,,,,,,,,,,,,,,,,
Editor ,,,,,,,,,,Neil Atkinson ,,,,
,,,,,,,,ï€¥ +33 (0)1 40 57 65 90 ,,,,,,
,,,,,,,,ï€ª Neil.Atkinson@iea.org ,,,,,,
Demand ,,,,,,,,,Christophe Barret ,,,,,
,,,,,,,,ï€¥ +33 (0)1 40 57 65 16 ,,,,,,
,,,,,,,ï€ª Christophe.Barret@iea.org ,,,,,,,
OPEC Supply ,,,,,,,,,,,Peg Mackey ,,,
,,,,,,,,ï€¥ +33 (0)1 40 57 65 81 ,,,,,,
,,,,,,,,ï€ª Peg.Mackey@iea.org ,,,,,,
Non-OPEC Supply ,,,,,,,,,,Toril Bosoni ,,,,
,,,,,,,,ï€¥ +33 (0)1 40 57 67 18 ,,,,,,
,,,,,,,,ï€ª Toril.Bosoni@iea.org ,,,,,,
Refining ,,,,,,,,,Kristine Petrosyan ,,,,,
,,,,,,,,ï€¥ +33 (0)1 40 57 66 05 ,,,,,,
,,,,,,,ï€ª Kristine.Petrosyan@iea.org ,,,,,,,
Stocks ,,,,,,,,,,Olivier Lejeune ,,,,
,,,,,,,,ï€¥ +33 (0)1 40 57 67 58 ,,,,,,
,,,,,,,,ï€ª Olivier.Lejeune@iea.org ,,,,,,
Prices ,,,,,,,,,,,Anne Kloss ,,,
,,,,,,,,ï€¥ +33 (0)1 40 57 67 28 ,,,,,,
,,,,,,,,ï€ª Anne.Kloss@iea.org ,,,,,,
Analyst ,,,,,,,,,Jose Alfredo Peral ,,,,,
,,,,,,,, ï€¥ +33 (0)1 40 57 65 03 ,,,,,,
,,,,,,,ï€ª JoseAlfredo.Peral@iea.org ,,,,,,,
Analyst ,,,,,,,,,,,Jing Wang ,,,
,,,,,,,,ï€¥ +33 (0)1 40 57 67 78 ,,,,,,
,,,,,,,,ï€ª Jing.Wang@iea.org ,,,,,,
Statistics ,,,,,,,,,Pierre Monferrand ,,,,,
,,,,,,,,ï€¥ +33 (0)1 40 57 66 67 ,,,,,,
,,,,,,,ï€ª Pierre.Monferrand@iea.org ,,,,,,,
Editorial Assistant ,,,,,,,,Deven Mooneesawmy ,,,,,,
,,,,,,,,ï€¥ +33 (0)1 40 57 65 03 ,,,,,,
,,,,,,ï€ª Deven.Mooneesawmy@iea.org ,,,,,,,,
Media Enquiries ,,,,,,,,ï€¥ +33 (0)1 40 57 65 54 ,,,,,,
IEA Press Office ,,,,,,,,ï€ª ieapressoffice@iea.org ,,,,,,
Subscription and Delivery Enquiries ,,,,,,,,,,,,,,
Oil Market Report Subscriptions ,,,,,,,,,,,,,,
International Energy Agency ,,,,,,,,,,,,,,
"BP 586-75726 PARIS Cedex 15, France ",,,,,,,,ï€¥ +33 (0)1 40 57 67 12 ,,,,,,
ï€ª OMRSubscriptions@iea.org ,,,,,,,,,,,,,,
www.iea.org/publications/oilmarketreport/ ,,,,,,,,ï€¥ +33 (0)1 40 57 66 90 ,,,,,,
Userâ€™s Guide and Glossary to the IEA Oil Market Report ,,,,,,,,,,,,,,
"For information on the data sources, definitions, technical terms and general approach used in preparing",,,,,,,,,,,,,,
"the Oil Market Report (OMR), Market Report Series_Oil and Annual Statistical Supplement (current issue of the",,,,,,,,,,,,,,
Statistical,Supplement,dated,10,August,"2018),",readers,are,referred,to,the,Usersâ€™,Guide,at,
www.oilmarketreport.org/glossary.asp. ,,,,It,should,be,noted,that,the,spot,crude,and,product,price
"assessments are based on daily Argus prices, converted when appropriate to US$ per barrel according to",,,,,,,,,,,,,,
the Argus specification of products (Copyright Â© 2018 Argus Media Limited - all rights reserved). ,,,,,,,,,,,,,,
,Next Issue: 12 October 2018 ,,,,,,,,,,,,,
